Título;Autor;Semana;Categoría;Semanas en ranking ;
Un tiempo para la misercordia ;John Grishman;01 de enero;Ficción combinada en formato impreso y electrónico;10;
Cruz mortal;James Patterson;01 de enero;Ficción combinada en formato impreso y electrónico;4;
Listo jugador dos;Ernest Cline;01 de enero;Ficción combinada en formato impreso y electrónico;4;
La mitad que desaparece;Brit Bennett;01 de enero;Ficción combinada en formato impreso y electrónico;29;
El regreso;Nicholas Sparks;01 de enero;Ficción combinada en formato impreso y electrónico;12;
Una tierra prometida;Barack Obama;01 de enero;Combinación de libros de no ficción impresos y electrónicos;5;
Luces verdes;Matthew McConaughey;01de enero;Combinación de libros de no ficción impresos y electrónicos;9;
Humanos;Brandon Stanton;01 de enero;Combinación de libros de no ficción impresos y electrónicos;9;
El hombre de la bolsa;Rachel Maddow y Michael Yarvitz;01 de enero;Combinación de libros de no ficción impresos y electrónicos;2;
Casta;Isabel Wilkerson;01 de enero;Combinación de libros de no ficción impresos y electrónicos;20;
Un tiempo para la misercordia ;John Grishman;08 de enero;Ficción combinada en formato impreso y electrónico;11;
La mitad que desaparece;Brit Bennett;08 de enero;Ficción combinada en formato impreso y electrónico;30;
Listo jugador dos;Ernest Cline;08 de enero;Ficción combinada en formato impreso y electrónico;5;
Cruz mortal;James Patterson;08 de enero;Ficción combinada en formato impreso y electrónico;5;
El regreso;Nicholas Sparks;08 de enero;Ficción combinada en formato impreso y electrónico;13;
Una tierra prometida;Barack Obama;08 de enero;Combinación de libros de no ficción impresos y electrónicos;6;
Luces verdes;Matthew McConaughey;08 de enero;Combinación de libros de no ficción impresos y electrónicos;10;
Devenir;Michelle Obama;08 de enero;Combinación de libros de no ficción impresos y electrónicos;91;
Salvaje;Glennon Doyle;08 de enero;Combinación de libros de no ficción impresos y electrónicos;42;
Casta;Isabel Wilkerson;08 de enero;Combinación de libros de no ficción impresos y electrónicos;21;
El duque y yo;Julia Quinn;15 de enero;Ficción combinada en formato impreso y electrónico;1;
La mitad que desaparece;Brit Bennett;15 de enero;Ficción combinada en formato impreso y electrónico;31;
Silencio;Stuart Woods;15 de enero;Ficción combinada en formato impreso y electrónico;1;
La vida invisible de Addie Larue;VE Schwab;15 de enero;Ficción combinada en formato impreso y electrónico;9;
La ley de la inocencia;Michael Connelly;15 de enero;Ficción combinada en formato impreso y electrónico;8;
Una tierra prometida;Barack Obama;15 de enero;Combinación de libros de no ficción impresos y electrónicos;7;
Luces verdes;Matthew McConaughey;15 de enero;Combinación de libros de no ficción impresos y electrónicos;11;
Salvaje;Glennon Doyle;15 de enero;Combinación de libros de no ficción impresos y electrónicos;43;
Casta;Isabel Wilkerson;15 de enero;Combinación de libros de no ficción impresos y electrónicos;22;
El cuerpo lleva la puntuación;Bessel van der Kolk;15 de enero;Combinación de libros de no ficción impresos y electrónicos;19;
El duque y yo;Julia Quinn;22 de enero;Ficción combinada en formato impreso y electrónico;2;
Star Wars: la luz del Jedi;Charles Soule;22 de enero;Ficción combinada en formato impreso y electrónico;1;
Vecinos;Danielle Steel;22 de enero;Ficción combinada en formato impreso y electrónico;1;
La mitad que desaparece;Brit Bennett;22 de enero;Ficción combinada en formato impreso y electrónico;22;
El vizconde que me amaba;Julia Quinn;22 de enero;Ficción combinada en formato impreso y electrónico;2;
Una tierra prometida;Barack Obama;22 de enero;Combinación de libros de no ficción impresos y electrónicos;8;
Salvaje;Glennon Doyle;22 de enero;Combinación de libros de no ficción impresos y electrónicos;44;
Luces verdes;Matthew McConaughey;22 de enero;Combinación de libros de no ficción impresos y electrónicos;12;
Sobre la tiranía;Timothe Synder;22 de enero;Combinación de libros de no ficción impresos y electrónicos;24;
Educado;Tara Westover;22 de enero;Combinación de libros de no ficción impresos y electrónicos;126;
El duque y yo;Julia Quinn;29 de enero;Ficción combinada en formato impreso y electrónico;3;
La cola del escorpión;Douglas Preston y Lincoln Child;29 de enero;Ficción combinada en formato impreso y electrónico;1;
La mitad que desaparece;Brit Bennett;29 de enero;Ficción combinada en formato impreso y electrónico;33;
La biblioteca de medianoche;Matt Haig;29 de enero;Ficción combinada en formato impreso y electrónico;7;
Heredero de sangre;Ilonna Andrews;29 de enero;Ficción combinada en formato impreso y electrónico;1;
Una tierra prometida;Barack Obama;29 de enero;Combinación de libros de no ficción impresos y electrónicos;9;
Casta;Isabel Wilkerson;29 de enero;Combinación de libros de no ficción impresos y electrónicos;24;
Luces verdes;Matthew McConaughey;29 de enero;Combinación de libros de no ficción impresos y electrónicos;13;
Sobre la tiranía;Timothe Synder;29 de enero;Combinación de libros de no ficción impresos y electrónicos;25;
Salvaje;Glennon Doyle;29 de enero;Combinación de libros de no ficción impresos y electrónicos;45;
El duque y yo;Julia Quinn;1 de febrero;Ficción combinada en formato impreso y electrónico;4;
Antes de que desapareciera;Lisa Gardner;1 de febrero;Ficción combinada en formato impreso y electrónico;1;
La mitad que desaparece;Brit Bennett;1 de febrero;Ficción combinada en formato impreso y electrónico;8;
La vida invisible de Addie Larue;VE Schwab;1 de febrero;Ficción combinada en formato impreso y electrónico;11;
Una tierra prometida;Barack Obama;1 de febrero;Combinación de libros de no ficción impresos y electrónicos;10;
Casta;Isabel Wilkerson;1 de febrero;Combinación de libros de no ficción impresos y electrónicos;25;
Luces verdes;Matthew McConaughey;1 de febrero;Combinación de libros de no ficción impresos y electrónicos;14;
Salvaje;Glennon Doyle;1 de febrero;Combinación de libros de no ficción impresos y electrónicos;48;
Sobre la tiranía;Timothe Synder;1 de febrero;Combinación de libros de no ficción impresos y electrónicos;26;
El ruso;James Patterson y James O. Born;8 de febrero;Ficción combinada en formato impreso y electrónico;1;
El duque y yo;Julia Quinn;8 de febrero;Ficción combinada en formato impreso y electrónico;5;
El vizconde que me amaba;Julia Quinn;8 de febrero;Ficción combinada en formato impreso y electrónico;5;
La mitad que desaparece;Brit Bennett;8 de febrero;Ficción combinada en formato impreso y electrónico;35;
La biblioteca de medianoche;Matt Haig;8 de febrero;Ficción combinada en formato impreso y electrónico;9;
Tal como soy;Cicely Tyson y Michelle Burford;8 de febrero;Combinación de libros de no ficción impresos y electrónicos;1;
Una tierra prometida;Barack Obama;8 de febrero;Combinación de libros de no ficción impresos y electrónicos;11;
Casta;Isabel Wilkerson;8 de febrero;Combinación de libros de no ficción impresos y electrónicos;26;
Luces verdes;Matthew McConaughey;8 de febrero;Combinación de libros de no ficción impresos y electrónicos;15;
Salvaje ;Glennon Doyle;8 de febrero;Combinación de libros de no ficción impresos y electrónicos;47;
Los cuatro vientos;Kristin Hannah;15 de febrero;Ficción combinada en formato impreso y electrónico;1;
El duque y yo;Julia Quinn;15 de febrero;Ficción combinada en formato impreso y electrónico;6;
Los supervivientes;Jane Harper;15 de febrero;Ficción combinada en formato impreso y electrónico;1;
Serpentina;Jonathan Kellerman;15 de febrero;Ficción combinada en formato impreso y electrónico;1;
Carril de las luciérnagas;Kristin Hannah;15 de febrero;Ficción combinada en formato impreso y electrónico;3;
Piénsalo otra vez;Adam Grant;15 de febrero;Combinación de libros de no ficción impresos y electrónicos;1;
Cuatrocientas almas;Ibram X, Kendi y Keisha N. Blain;15 de febrero;Combinación de libros de no ficción impresos y electrónicos;1;
Desenmascarado;Andy Ngo;15 de febrero;Combinación de libros de no ficción impresos y electrónicos;1;
Tal como soy;Cicely Tyson y Michelle Burford;15 de febrero;Combinación de libros de no ficción impresos y electrónicos;2;
Una tierra prometida;Barack Obama;15 de febrero;Combinación de libros de no ficción impresos y electrónicos;12;
Los cuatro vientos;Kristin Hannah;22 de febrero;Ficción combinada en formato impreso y electrónico;2;
Sin fe en la muerte;JD Robb;22 de febrero;Ficción combinada en formato impreso y electrónico;1;
Carril de las luciérnagas;Kristin Hannah;22 de febrero;Ficción combinada en formato impreso y electrónico;4;
Carretera temeraria;Christinne Feehan;22 de febrero;Ficción combinada en formato impreso y electrónico;1;
El duque y yo;Julia Quinn;22 de febrero;Ficción combinada en formato impreso y electrónico;7;
Camina con mis botas de combate;James Patterson y Matt Eversmann con Chris Mooney;22 de febrero;Combinación de libros de no ficción impresos y electrónicos;3;
Piénsalo otra vez;Adam Grant;22 de febrero;Combinación de libros de no ficción impresos y electrónicos;2;
Una tierra prometida;Barack Obama;22 de febrero;Combinación de libros de no ficción impresos y electrónicos;13;
Cuatrocientas almas;Ibram X, Kendi y Keisha N. Blain;22 de febrero;Combinación de libros de no ficción impresos y electrónicos;2;
Tal como soy;Cicely Tyson y Michelle Burford;22 de febrero;Combinación de libros de no ficción impresos y electrónicos;3;
Una corte de llamas de plata;Sarah J. Maas;1 de marzo;Ficción combinada en formato impreso y electrónico;1;
Los cuatro vientos;Kristin Hannah;1 de marzo;Ficción combinada en formato impreso y electrónico;3;
Carril de las luciérnagas;Kristin Hannah;1 de marzo;Ficción combinada en formato impreso y electrónico;5;
Implacable;Mark Greaney;1 de marzo;Ficción combinada en formato impreso y electrónico;1;
El duque y yo;Julia Quinn;1 de marzo;Ficción combinada en formato impreso y electrónico;8;
Cómo evitar un desastre climático;Bill Gates;1 de marzo;Combinación de libros de no ficción impresos y electrónicos;1;
Tal como soy;Cicely Tyson y Michelle Burford;1 de marzo;Combinación de libros de no ficción impresos y electrónicos;4;
La suma de nosotros;Heather McGhee;1 de marzo;Combinación de libros de no ficción impresos y electrónicos;1;
Camina con mis botas de combate;James Patterson y Matt Eversmann con Chris Mooney;1 de marzo;Combinación de libros de no ficción impresos y electrónicos;2;
Casta;Isabel Wilkerson;1 de marzo;Combinación de libros de no ficción impresos y electrónicos;29;
Los cuatro vientos;Kristin Hannah;8 de marzo;Ficción combinada en formato impreso y electrónico;4;
Carril de las luciérnagas;Kristin Hannah;8 de marzo;Ficción combinada en formato impreso y electrónico;6;
La red del Kaiser;Steve Berry;8 de marzo;Ficción combinada en formato impreso y electrónico;1;
El duque y yo;Julia Quinn;8 de marzo;Ficción combinada en formato impreso y electrónico;9;
Cómo evitar un desastre climático;Bill Gates;8 de marzo;Combinación de libros de no ficción impresos y electrónicos;2;
Piénsalo otra vez;Adam Grant;8 de marzo;Combinación de libros de no ficción impresos y electrónicos;4;
Luces verdes;Matthew McConaughey;8 de marzo;Combinación de libros de no ficción impresos y electrónicos;19;
Casta;Isabel Wilkerson;8 de marzo;Combinación de libros de no ficción impresos y electrónicos;30;
Camina con mis botas de combate;James Patterson y Matt Eversmann con Chris Mooney;8 de marzo;Combinación de libros de no ficción impresos y electrónicos;3;
Vida después de la muerte;Hermana Souljah;15 de marzo;Ficción combinada en formato impreso y electrónico;1;
Más tarde;Stephen King;15 de marzo;Ficción combinada en formato impreso y electrónico;1;
Cielo oscuro;CJ Box;15 de marzo;Ficción combinada en formato impreso y electrónico;1;
Los cuatro vientos;Kristin Hannah;15 de marzo;Ficción combinada en formato impreso y electrónico;5;
El asunto;Danielle Steel;15 de marzo;Ficción combinada en formato impreso y electrónico;1;
Cómo evitar un desastre climático;Bill Gates;15 de marzo;Combinación de libros de no ficción impresos y electrónicos;3;
Casta;Isabel Wilkerson;15 de marzo;Combinación de libros de no ficción impresos y electrónicos;31;
Piénsalo otra vez;Adam Grant;15 de marzo;Combinación de libros de no ficción impresos y electrónicos;5;
Salvaje;Glennon Doyle;15 de marzo;Combinación de libros de no ficción impresos y electrónicos;52;
Tal como soy;Cicely Tyson y Michelle Burford;15 de marzo;Combinación de libros de no ficción impresos y electrónicos;6;
Los cuatro vientos;Kristin Hannah;22 de marzo;Ficción combinada en formato impreso y electrónico;6;
Vida después de la muerte;Hermana Souljah;22 de marzo;Ficción combinada en formato impreso y electrónico;2;
Más tarde;Stephen King;22 de marzo;Ficción combinada en formato impreso y electrónico;2;
Hielo rápido;Clive Cussler y Graham Brown;22 de marzo;Ficción combinada en formato impreso y electrónico;1;
El código rosa;Kate Quinn;22 de marzo;Ficción combinada en formato impreso y electrónico;1;
El descifrador de códigos;Walter Isaacson;22 de marzo;Combinación de libros de no ficción impresos y electrónicos;1;
La suma de nosotros;Heather McGhee;22 de marzzo;Combinación de libros de no ficción impresos y electrónicos;4;
Luces verdes;Matthew McConaughey;22 de marzo;Combinación de libros de no ficción impresos y electrónicos;21;
Casta;Isabel Wilkerson;22 de marzo;Combinación de libros de no ficción impresos y electrónicos;32;
Cómo evitar un desastre climático;Bill Gates;22 de marzo;Combinación de libros de no ficción impresos y electrónicos;4;
Ganar;Harlan Coben;1 de abril;Ficción combinada en formato impreso y electrónico;1;
Signo salvaje;Patricia Briggs;1 de abril;Ficción combinada en formato impreso y electrónico;1;
Los cuatro vientos;Kristin Hannah;1 de abril;Ficción combinada en formato impreso y electrónico;7;
Más tarde;Stephen King;1 de abril;Ficción combinada en formato impreso y electrónico;3;
La biblioteca de medianoche;Matt Haig;1 de abril;Ficción combinada en formato impreso y electrónico;16;
Este es el fuego;Don Lemon;1 de abril;Combinación de libros de no ficción impresos y electrónicos;1;
El descifrador de códigos;Walter Isaacson;1 de abril;Combinación de libros de no ficción impresos y electrónicos;2;
Luces verdes;Matthew McConaughey;1 de abril;Combinación de libros de no ficción impresos y electrónicos;22;
Casta;Isabel Wilkerson;1 de abril;Combinación de libros de no ficción impresos y electrónicos;33;
Cómo evitar un desastre climático;Bill Gates;1 de abriil;Combinación de libros de no ficción impresos y electrónicos;5;
Los cuatro vientos;Kristin Hannah;8 de abril;Ficción combinada en formato impreso y electrónico;8;
Ganar;Harlan Coben;8 de abrl;Ficción combinada en formato impreso y electrónico;2;
Las consecuencias del miedo;Jacqueline Winspear;8 de abril;Ficción combinada en formato impreso y electrónico;1;
Doble peligro;Stuart Woods;8 de abril;Ficción combinada en formato impreso y electrónico;1;
La recompensa;Janet Evanovich y Steve Hamilton;8 de abril;Ficción combinada en formato impreso y electrónico;1;
El descifrador de códigos;Walter Isaacson;8 de abril;Combinación de libros de no ficción impresos y electrónicos;3;
Luces verdes;Matthew McConaughey;8 de abril;Combinación de libros de no ficción impresos y electrónicos;23;
El cuerpo lleva la puntuación;Bessel van der Kolk;8 de abril;Combinación de libros de no ficción impresos y electrónicos;31;
Casta;Isabel Wilkerson;8 de abril;Combinación de libros de no ficción impresos y electrónicos;34;
Devenir;Michelle Obama;8 de abril;Combinación de libros de no ficción impresos y electrónicos;102;
Los cuatro vientos;Kristin Hannah;15 de abril;Ficción combinada en formato impreso y electrónico;8;
Ganar;Harlan Coben;15 de abril;Ficción combinada en formato impreso y electrónico;2;
Las consecuencias del miedo;Jacqueline Winspear;15 de abril;Ficción combinada en formato impreso y electrónico;1;
Doble peligro;Stuart Woods;15 de abril;Ficción combinada en formato impreso y electrónico;1;
La recompensa;Janet Evanovich y Steve Hamilton;15 de abril;Ficción combinada en formato impreso y electrónico;1;
El descifrador de códigos;Walter Isaacson;15 de abril;Combinación de libros de no ficción impresos y electrónicos;3;
Luces verdes;Matthew McConaughey;15 de abril;Combinación de libros de no ficción impresos y electrónicos;23;
El cuerpo lleva la puntuación;Bessel van der Kolk;15 de abril;Combinación de libros de no ficción impresos y electrónicos;31;
Casta;Isabel Wilkerson;15 de abril ;Combinación de libros de no ficción impresos y electrónicos;34;
Devenir;Michelle Obama;15 de abril;Combinación de libros de no ficción impresos y electrónicos;102;
La colina que escalamos;Amanda Gorman;22 de abril;Ficción combinada en formato impreso y electrónico;1;
El libro rojo;James Patterson y David Ellis;22 de abril;Ficción combinada en formato impreso y electrónico;1;
Los cuatro vientos;Kristin Hannah;22 de abril;Ficción combinada en formato impreso y electrónico;9;
La biblioteca de medianoche;Matt Haig;22 de abril;Ficción combinada en formato impreso y electrónico;18;
Donde cantan los cangrejos;Delia Ownes;22 de abril;Ficción combinada en formato impreso y electrónico;124;
El descifrador de códigos;Walter Isaacson;22 de abril;Combinación de libros de no ficción impresos y electrónicos;4;
Luces verdes;Matthew McConaughey;22 de abril;Combinación de libros de no ficción impresos y electrónicos;24;
La belleza de vivir dos veces;Sharon Stone;22 de abril;Combinación de libros de no ficción impresos y electrónicos;1;
El cuerpo lleva la puntuación;Bessel van der Kolk;22 de abril;Combinación de libros de no ficción impresos y electrónicos;32;
Casta ;Isabel Wilkerson;22 de abril;Combinación de libros de no ficción impresos y electrónicos;35;
La colina que escalamos;Amanda Gorman;28 de abril;Ficción combinada en formato impreso y electrónico;2;
Los cuatro vientos;Kristin Hannah;28 de abril;Ficción combinada en formato impreso y electrónico;10;
Donde cantan los cangrejos;Delia Ownes;28 de abril;Ficción combinada en formato impreso y electrónico;125;
La biblioteca de medianoche;Matt Haig;28 de abril;Ficción combinada en formato impreso y electrónico;19;
Buena compañía;Cynthia D´Aprix Sweeney;28 de abril;Ficción combinada en formato impreso y electrónico;1;
Caballos rotos;Brandi Carlile;28 de abril;Combinación de libros de no ficción impresos y electrónicos;1;
Encontrando la libertad;Erin French;28 de abril;Combinación de libros de no ficción impresos y electrónicos;1;
Roto;Jenny Lawson;28 de abril;Combinación de libros de no ficción impresos y electrónicos;1;
Cosas hermosas;Hunter Biden;28 de abril;Combinación de libros de no ficción impresos y electrónicos;1;
La luz de los días;Judy Batalion;28 de abril;Combinación de libros de no ficción impresos y electrónicos;1;
Presa del oceano ;John Sandford;1 de mayo;Ficción combinada en formato impreso y electrónico;1;
La colina que escalamos;Amanda Gorman;1 de mayo;Ficción combinada en formato impreso y electrónico;3;
La mano del diablo;Jack Carr;1 de mayo;Ficción combinada en formato impreso y electrónico;1;
Los cuatro vientos;Kristin Hannah;1 de mayo;Ficción combinada en formato impreso y electrónico;11;
Donde cantan los cangrejos;Delia Ownes ;1 de mayo;Ficción combinada en formato impreso y electrónico;126;
La casa invita ;John Boehner;1 de mayo;Combinación de libros de no ficción impresos y electrónicos;1;
Imperio del dolor;Patrick Radden Keefe;1 de mayo;Combinación de libros de no ficción impresos y electrónicos;1;
El descifrador de códigos;Walter Isaacson;1 de mayo;Combinación de libros de no ficción impresos y electrónicos;6;
Caballos rotos;Brandi Carlile;1 de mayo;Combinación de libros de no ficción impresos y electrónicos;2;
El cuerpo lleva la puntuación;Bessel van der Kolk;1 de mayo;Combinación de libros de no ficción impresos y electrónicos;34;
Un hombre que juega;David Baldacci;8 de mayo;Ficción combinada en formato impreso y electrónico;1;
Presa del oceano ;John Sandford;8 de mayo;Ficción combinada en formato impreso y electrónico;2;
La colina que escalamos;Amanda Gorman;8 de mayo;Ficción combinada en formato impreso y electrónico;4;
Los cuatro vientos;Kristin Hannah;8 de mayo;Ficción combinada en formato impreso y electrónico;12;
Donde cantan los cangrejos;Delia Ownes;8 de mayo;Ficción combinada en formato impreso y electrónico;127;
De muchos, uno;George W. Bush;8 de mayo;Combinación de libros de no ficción impresos y electrónicos;1;
Llorando en H Mart;Michelle Zauner;8 de mayo;Combinación de libros de no ficción impresos y electrónicos;1;
El cuerpo lleva la puntuación;Bessel van der Kolk;8 de mayo;Combinación de libros de no ficción impresos y electrónicos;35;
La casa invita ;John Boehner;8 de mayo;Combinación de libros de no ficción impresos y electrónicos;2;
Luces verdes;Matthew McConaughey;8 de mayo;Combinación de libros de no ficción impresos y electrónicos;27;
Sooley;John Grishman;15 de mayo;Ficción combinada en formato impreso y electrónico;1;
En busca de Ashley;Danielle Steel;15 de mayo;Ficción combinada en formato impreso y electrónico;2;
Un hombre que juega;David Baldacci;15 de mayo;Ficción combinada en formato impreso y electrónico;2;
Telemetría fugitiva;Martha Wells;15 de mayo;Ficción combinada en formato impreso y electrónico;1;
La colina que escalamos;Amanda Gorman;15 de mayo;Ficción combinada en formato impreso y electrónico;5;
¿Lo que le pasó?;Bruce D. Perry y Oprah Winfrey;15 de mayo;Combinación de libros de no ficción impresos y electrónicos;1;
La mafia de los bombardeos ;Malcolm Gladwell;15 de mayo;Combinación de libros de no ficción impresos y electrónicos;1;
Eres lo mejor que tienes;Tarana Burke y Brené Brown;15 de mayo;Combinación de libros de no ficción impresos y electrónicos;1;
¿Cómo están todos?;Leslie Jordan;15 de mayo;Combinación de libros de no ficción impresos y electrónicos;1;
El cuerpo lleva la puntuación;Bessel van der Kolk;15 de mayo;Combinación de libros de no ficción impresos y electrónicos;36;
21° cumpleaños;James Patterson y Maxine Paetro;22 de mayo;Ficción combinada en formato impreso y electrónico;1;
Lo último que me dijo;Laura Dave;22 de mayo;Ficción combinada en formato impreso y electrónico;1;
Proyecto Ave María;Andy Weir;22 de mayo;Ficción combinada en formato impreso y electrónico;1;
Sooley;John Grishman;22 de mayo;Ficción combinada en formato impreso y electrónico;2;
Donde cantan los cangrejos;Delia Ownes;22 de mayo;Ficción combinada en formato impreso y electrónico;129;
Matando a la turba;Bill O´Reily y Martin Dugard;22 de mayo;Combinación de libros de no ficción impresos y electrónicos;1;
La premonición;Michael Lewis;22 de mayo;Combinación de libros de no ficción impresos y electrónicos;1;
¿Lo que le pasó?;Bruce D. Perry y Oprah Winfrey;22 de mayo;Combinación de libros de no ficción impresos y electrónicos;2;
La mafia de los bombarderos ;Malcolm Gladwell;22 de mayo;Combinación de libros de no ficción impresos y electrónicos;2;
En busca del árbol madre;Suzanne Simard;22 de mayo;Combinación de libros de no ficción impresos y electrónicos;1;
Mientras la justicia duerme;Stacey Abrams;28 de mayo;Ficción combinada en formato impreso y electrónico;1;
Sooley;John Grishman;28 de mayo;Ficción combinada en formato impreso y electrónico;3;
Lo último que me dijo;Laura Dave;28 de mayo;Ficción combinada en formato impreso y electrónico;2;
Ese verano;Jennifer Weiner;28 de mayo;Ficción combinada en formato impreso y electrónico;1;
Personas que conocimos en vacaiones;Emily Henry;28 de mayo;Ficción combinada en formato impreso y electrónico;1;
Matando a la turba;Bill O´Reily y Martin Dugard;28 de mayo;Combinación de libros de no ficción impresos y electrónicos;2;
Anuario;Seth Rogen;28 de mayo;Combinación de libros de no ficción impresos y electrónicos;1;
Billie Eilish ;Billie Eilish ;28 de mayo;Combinación de libros de no ficción impresos y electrónicos;1;
La premonición;Michael Lewis;28 de mayo;Combinación de libros de no ficción impresos y electrónicos;2;
¿Lo que le pasó?;Bruce D. Perry y Oprah Winfrey;28 de mayo;Combinación de libros de no ficción impresos y electrónicos;3;
Lo último que me dijo;Laura Dave;1 de junio;Ficción combinada en formato impreso y electrónico;3;
Sooley;John Grishman;1 de junio;Ficción combinada en formato impreso y electrónico;4;
Proyecto Ave María;Andy Weir;1 de junio;Ficción combinada en formato impreso y electrónico;3;
Donde cantan los cangrejos;Delia Owens ;1 de junio;Ficción combinada en formato impreso y electrónico;131;
21° cumpleaños;James Patterson y Maxine Paetro;1 de junio;Ficción combinada en formato impreso y electrónico;3;
El antropoceno en revisión;John Green;1 de junio;Combinación de libros de no ficción impresos y electrónicos;1;
Cero fallos;Carol Leonnig;1 de junio;Combinación de libros de no ficción impresos y electrónicos;1;
Matando a la turba;Bill O´Reily y Martin Dugard;1 de junio;Combinación de libros de no ficción impresos y electrónicos;3;
Ruido;Daniel Kahneman, Oliver Sibony y Cass R. Sunstein;1 de junio;Combinación de libros de no ficción impresos y electrónicos;1;
¿Lo que le pasó?;Bruce D. Perry y Oprah Winfrey;1 de junio;Combinación de libros de no ficción impresos y electrónicos;4;
Legado;Nora Roberts;8 de junio;Ficción combinada en formato impreso y electrónico;1;
Lo último que me dijo;Laura Dave;8 de junio;Ficción combinada en formato impreso y electrónico;4;
Tormenta de sombras;Christinne Feehan;8 de junio;Ficción combinada en formato impreso y electrónico;1;
Proyecto Ave María;Andy Weir;8 de junio;Ficción combinada en formato impreso y electrónico;4;
Sooley;John Grishman;8 de junio;Ficción combinada en formato impreso y electrónico;5;
Matando a la turba;Bill O´Reily y Martin Dugard;8 de junio;Combinación de libros de no ficción impresos y electrónicos;4;
¿Lo que le pasó?;Bruce D. Perry y Oprah Winfrey;8 de junio;Combinación de libros de no ficción impresos y electrónicos;5;
El antropoceno en revisión;John Green ;8 de junio;Combinación de libros de no ficción impresos y electrónicos;2;
Cero fallos ;Carol Leonnig;8 de junio;Combinación de libros de no ficción impresos y electrónicos;2;
La premonición;Michael Lewis;8 de junio;Combinación de libros de no ficción impresos y electrónicos;4;
Liberado;El James;15 de junio;Ficción combinada en formato impreso y electrónico;1;
Chica dorada;Elin Hilderbrand ;15 de junio;Ficción combinada en formato impreso y electrónico;1;
Malibú en ascenso;Taylor Jenkins Reld;15 de junio;Ficción combinada en formato impreso y electrónico;1;
Lo último que me dijo;Laura Dave;15 de junio;Ficción combinada en formato impreso y electrónico;5;
Una úlima parada;Casey McQuiston;15 de junio;Ficción combinada en formato impreso y electrónico;1;
Cómo se transmite la palabra;Clint Smith ;15 de junio;Combinación de libros de no ficción impresos y electrónicos;1;
Matando a la turba;Bill O´Reily y Martin Dugard;15  de junio;Combinación de libros de no ficción impresos y electrónicos;5;
Después de la caída;Ben Rhodes;15 de junio;Combinación de libros de no ficción impresos y electrónicos;1;
La premonición;Michael Lewis;15 de junio;Combinación de libros de no ficción impresos y electrónicos;5;
¿Lo que le pasó?;Bruce D. Perry y Oprah Winfrey;15 de junio ;Combinación de libros de no ficción impresos y electrónicos;6;
La hija del presidente;James Patterson y Bill Clinton;22 de junio;Ficción combinada en formato impreso y electrónico;1;
Chica dorada;Elin Hilderbrand;22 de junio;Ficción combinada en formato impreso y electrónico;2;
Tom Clancy: objetivo adquirido;Don Bentley;22 de junio;Ficción combinada en formato impreso y electrónico;1;
Lo último que me dijo;Laura Dave;22 de junio;Ficción combinada en formato impreso y electrónico;6;
Malibú en ascenso;Taylor Jenkins Reld;22 de junio;Ficción combinada en formato impreso y electrónico;2;
Matando a la turba;Bill O´Reily y Martin Dugard;22 de junio;Combinación de libros de no ficción impresos y electrónicos;6;
El cuerpo lleva a la puntuación;Bessel van der Kolk;22 de junio;Combinación de libros de no ficción impresos y electrónicos;42;
¿Lo que le pasó?;Bruce D. Perry y Oprah Winfrey;22 de junio;Combinación de libros de no ficción impresos y electrónicos;7;
Cómo se transmite la palabra;Clint Smith ;22 de junio;Combinación de libros de no ficción impresos y electrónicos;2;
Luces verdes;Matthew McConaughey;22 de junio ;Combinación de libros de no ficción impresos y electrónicos;34;
La hija del presidente;James Patterson y Bill Clinton;1 de julio  ;Ficción combinada en formato impreso y electrónico;2;
Las doncellas;Alex Michaelides;1 de julio  ;Ficción combinada en formato impreso y electrónico;1;
Lo último que me dijo;Laura Dave;1 de julio  ;Ficción combinada en formato impreso y electrónico;7;
Malibú en ascenso;Taylor Jenkins Reld;1de julio;Ficción combinada en formato impreso y electrónico;3;
Chica dorada;Elin Hilderbrand;1 de julio  ;Ficción combinada en formato impreso y electrónico;3;
Matando a la turba;Bill O´Reily y Martin Dugard;1 de julio  ;Combinación de libros de no ficción impresos y electrónicos;7;
Vive tu vida;Amanda Kloots y Anna Kloots;1 de julio  ;Combinación de libros de no ficción impresos y electrónicos;1;
El cuerpo lleva la puntuación;Bessel van der Kolk;1 de julio  ;Combinación de libros de no ficción impresos y electrónicos;43;
Luces verdes;Matthew McConaughey;1 de julio  ;Combinación de libros de no ficción impresos y electrónicos;35;
La mafia de los bombarderos ;Malcolm Gladwell;1 de julio  ;Combinación de libros de no ficción impresos y electrónicos;8;
Lo último que me dijo;Laura Dave;8 de julio;Ficción combinada en formato impreso y electrónico;8;
La hija del presidente;James Patterson y Bill Clinton;8 de julio;Ficción combinada en formato impreso y electrónico;3;
Malibú en ascenso;Taylor Jenkins Reld;8 de julio;Ficción combinada en formato impreso y electrónico;4;
Donde cantan los cangrejos;Delia Owens ;8 de julio;Ficción combinada en formato impreso y electrónico;136;
Personas que conocimos en vacaiones;Emily Henry;8 de julio;Ficción combinada en formato impreso y electrónico;7;
El cuerpo lleva la puntuación;Bessel van der Kolk;8 de julio;Combinación de libros de no ficción impresos y electrónicos;44;
Matando a la turba;Bill O´Reily y Martin Dugard;8 de julio;Combinación de libros de no ficción impresos y electrónicos;8;
La mafia de los bombarderos ;Malcolm Gladwell;8 de julio;Combinación de libros de no ficción impresos y electrónicos;9;
Luces verdes;Matthew McConaughey;8 de julio ;Combinación de libros de no ficción impresos y electrónicos;36;
Salvaje;Glennon Doyle;8 de julio;Combinación de libros de no ficción impresos y electrónicos;68;
Érase una vez en Hollywood;Quentin Tarantino;15 de julio;Ficción combinada en formato impreso y electrónico;1;
Lo último que me dijo;Laura Dave;15 de julio;Ficción combinada en formato impreso y electrónico;9;
Malibú en ascenso;Taylor Jenkins Reld;15 de julio;Ficción combinada en formato impreso y electrónico;5;
La hija del presidente;James Patterson y Bill Clinton;15 de julio;Ficción combinada en formato impreso y electrónico;4;
Donde cantan los cangrejos;Delia Owens ;15 de julio ;Ficción combinada en formato impreso y electrónico;137;
Escenario de pesadilla;Yasmeen Abutaleb y Damian Paletta;15 de julio;Combinación de libros de no ficción impresos y electrónicos;1;
El cuerpo lleva a la puntuación;Bessel van der Kolk;15 de julio;Combinación de libros de no ficción impresos y electrónicos;45;
(Re)naciodo en los Estados Unidos;Rogger Bennet;15 de julio;Combinación de libros de no ficción impresos y electrónicos;1;
Matando a la turba;Bill O´Reily y Martin Dugard;15 de julio;Combinación de libros de no ficción impresos y electrónicos;9;
Salvaje ;Glennon Doyle;15 de julio;Combinación de libros de no ficción impresos y electrónicos;69;
El palacio de papel;Miranda Cowley Heller;22 de julio;Ficción combinada en formato impreso y electrónico;1;
Nueve vidas;Danielle Steel;22 de julio;Ficción combinada en formato impreso y electrónico;1;
Descendente;TJ Newman;22 de julio;Ficción combinada en formato impreso y electrónico;10;
Lo último que me dijo;Laura Dave;22 de julio;Ficción combinada en formato impreso y electrónico;10;
Personas que conocimos en vacaiones;Emily Henry;22 de julio;Ficción combinada en formato impreso y electrónico;9;
Cómo salvé el mundo;Jesse Watters;22 de julio;Combinación de libros de no ficción impresos y electrónicos;1;
Esta es tu mente sobre las plantas;Michael Pollan;22 de julio;Combinación de libros de no ficción impresos y electrónicos;1;
El cuerpo lleva la puntuación;Bessel van der Kolk;22 de julio;Combinación de libros de no ficción impresos y electrónicos;46;
Trejo;Danny Trejo y Donal Logue;22 de julio;Combinación de libros de no ficción impresos y electrónicos;1;
Matando a la turba;Bill O´Reily y Martin Dugard;22 de julo;Combinación de libros de no ficción impresos y electrónicos;10;
El violonchelista;Daniel Silva;1 de agosto;Ficción combinada en formato impreso y electrónico;1;
Lo último que me dijo;Laura Dave;1 de agosto;Ficción combinada en formato impreso y electrónico;11;
Es mejor así;Debbie Macomber;1 de agosto;Ficción combinada en formato impreso y electrónico;1;
Personas que conocimos en vacaiones;Emily Henry;1 de agosto;Ficción combinada en formato impreso y electrónico;10;
El palacio de papel;Miranda Cowley Heller;1 de agosto;Ficción combinada en formato impreso y electrónico;2;
Marxismo americano;Mark R. Levin;1 de agosto;Combinación de libros de no ficción impresos y electrónicos;1;
Corrimiento de tierras;Michael Wolff;1 de agosto;Combinación de libros de no ficción impresos y electrónicos;1;
Francamente, ganamos  estas elecciones;Michael C. Bender;1 de agosto;Combinación de libros de no ficción impresos y electrónicos;1;
Cómo salvé el mundo;Jesse Watters;1 de agosto;Combinación de libros de no ficción impresos y electrónicos;2;
El cuerpo lleva la puntuación;Bessel van der Kolk;1 de agosto;Combinación de libros de no ficción impresos y electrónicos;47;
Hielo negro;Brad Thor;8 de agosto;Ficción combinada en formato impreso y electrónico;1;
Lo último que me dijo;Laura Dave;8 de agosto;Ficción combinada en formato impreso y electrónico;12;
El violonchelista;Daniel Silva;8 de agosto;Ficción combinada en formato impreso y electrónico;2;
Personas que conocimos en vacaiones;Emily Henry;8 de agosto;Ficción combinada en formato impreso y electrónico;11;
El palacio de papel;Miranda Cowley Heller;8 de agosto;Ficción combinada en formato impreso y electrónico;3;
Solo yo puedo solucionarlo;Carol Leonnig y Philip Rucker;8 de agosto;Combinación de libros de no ficción impresos y electrónicos;1;
Marxismo americano;Mark R. Levin;8 de agosto;Combinación de libros de no ficción impresos y electrónicos;2;
Corrimiento de tierras;Michael Wolff;8 de agosto;Combinación de libros de no ficción impresos y electrónicos;2;
El cuerpo lleva a la puntuación;Bessel van der Kolk;8 de agosto ;Combinación de libros de no ficción impresos y electrónicos;48;
Cómo salvé el mundo;Jesse Watters;8 de agosto ;Combinación de libros de no ficción impresos y electrónicos;3;
Lo último que me dijo;Laura Dave;15 de agosto;Ficción combinada en formato impreso y electrónico;13;
Personas que conocimos en vacaiones;Emily Henry;15 de agosto;Ficción combinada en formato impreso y electrónico;12;
El palacio de papel;Miranda Cowley Heller;15 de agosto;Ficción combinada en formato impreso y electrónico;4;
El violonchelista;Daniel Silva;15 de agosto;Ficción combinada en formato impreso y electrónico;3;
Termina con nosotros;Collen Hoover;15 de agosto;Ficción combinada en formato impreso y electrónico;7;
Marxismo americano;Mark R. Levin;15 de agosto;Combinación de libros de no ficción impresos y electrónicos;3;
Solo yo puedo solucionarlo;Carol Leonnig y Philip Rucker;15 de agosto ;Combinación de libros de no ficción impresos y electrónicos;2;
El momento autoritario;Ben Shapiro;15 de agosto;Combinación de libros de no ficción impresos y electrónicos;1;
Cómo salvé el mundo;Jesse Watters;15 de agosto;Combinación de libros de no ficción impresos y electrónicos;4;
El cuerpo lleva la puntuación;Bessel van der Kolk;15 de agosto;Combinación de libros de no ficción impresos y electrónicos;49;
Billy Veranos;Stephen King;22 de agosto;Ficción combinada en formato impreso y electrónico;1;
Lo último que me dijo;Laura Dave;22 de agosto;Ficción combinada en formato impreso y electrónico;14;
Tigre ciego;Sandra Brown ;22 de agosto;Ficción combinada en formato impreso y electrónico;1;
Termina con nosotros;Collen Hoover;22 de agosto;Ficción combinada en formato impreso y electrónico;8;
Personas que conocimos en vacaiones;Emily Henry;22 de agosto;Ficción combinada en formato impreso y electrónico;13;
Marxismo americano;Mark R. Levin;22 de agosto;Combinación de libros de no ficción impresos y electrónicos;4;
Aquí, lo correcto importa;Aleander Vindman;22 de agosto;Combinación de libros de no ficción impresos y electrónicos;1;
Solo yo puedo solucionarlo;Carol Leonnig y Philip Rucker;22 de agosto;Combinación de libros de no ficción impresos y electrónicos;3;
El cuerpo lleva a la puntuación;Bessel van der Kolk;22 de agosto;Combinación de libros de no ficción impresos y electrónicos;50;
La premonición;Michael Lewis;22 de agosto;Combinación de libros de no ficción impresos y electrónicos;11;
Billy Veranos;Stephen King;28 de agosto;Ficción combinada en formato impreso y electrónico;2;
Vórtice;Catherine Coulter;28 de agosto;Ficción combinada en formato impreso y electrónico;1;
Termina con nosotros;Collen Hoover;28 de agosto;Ficción combinada en formato impreso y electrónico;9;
Lo último que me dijo;Laura Dave;28 de agosto;Ficción combinada en formato impreso y electrónico;15;
Personas que conocimos en vacaiones;Emily Henry;28 de agosto;Ficción combinada en formato impreso y electrónico;14;
Marxismo americano;Mark R. Levin;28 de agosto;Combinación de libros de no ficción impresos y electrónicos;5;
El tobogán largo;Tucker Carlson;28 de agosto;Combinación de libros de no ficción impresos y electrónicos;1;
El cuerpo lleva a la puntuación;Bessel van der Kolk;28 de agosto;Combinación de libros de no ficción impresos y electrónicos;51;
Solo yo puedo solucionarlo;Carol Leonnig y Philip Rucker;28 de agosto;Combinación de libros de no ficción impresos y electrónicos;4;
Giannis ;Mirin Fader;28 de agosto;Combinación de libros de no ficción impresos y electrónicos;1;
Incruento;Douglas Preston y Lincoln Child;1 de septiembre;Ficción combinada en formato impreso y electrónico;1;
Billy Veranos;Stephen King;1 de septiembre;Ficción combinada en formato impreso y electrónico;3;
Complicaciones;Danielle Steel;1 de septiembre ;Ficción combinada en formato impreso y electrónico;1;
El ruido;James Patterson y JD Barker;1 de septiembre;Ficción combinada en formato impreso y electrónico;1;
Termina con nosotros;Collen Hoover;1 de septiembre;Ficción combinada en formato impreso y electrónico;10;
Marxismo americano;Mark R. Levin;1 de septiembre;Combinación de libros de no ficción impresos y electrónicos;1;
Despierto INC;Vivek Ramaswamy ;1 de septiembre;Combinación de libros de no ficción impresos y electrónicos;1;
El ajuste de cuentas;Mary L. Trump;1 de septiembre;Combinación de libros de no ficción impresos y electrónicos;1;
El tobogán largo;Tucker Carlson;1 de septiembre;Combinación de libros de no ficción impresos y electrónicos;2;
El cuerpo lleva a la puntuación;Bessel van der Kolk;1 de septiembre;Combinación de libros de no ficción impresos y electrónicos;52;
La locura de las multitudes;Louise Penny;8 de septiembre;Ficción combinada en formato impreso y electrónico;1;
Billy Veranos;Stephen King;8 de septiembre;Ficción combinada en formato impreso y electrónico;4;
Termina con nosotros;Collen Hoover;8 de septiembre;Ficción combinada en formato impreso y electrónico;11;
Lo último que me dijo;Laura Dave;8 de septiembre;Ficción combinada en formato impreso y electrónico;17;
Caída de rayo;William Kent Krueger;8 de septiembre;Ficción combinada en formato impreso y electrónico;1;
Marxismo americano;Mark R. Levin;8 de septiembre;Combinación de libros de no ficción impresos y electrónicos;7;
El cuerpo lleva a la puntuación;Bessel van der Kolk;8 de septiembre;Combinación de libros de no ficción impresos y electrónicos;53;
El tobogán largo;Tucker Carlson;8 de septiembre;Combinación de libros de no ficción impresos y electrónicos;3;
Héroe de dos mundos;Mike Duncan;8 de septiembre;Combinación de libros de no ficción impresos y electrónicos;1;
Nación dopamina;Anna Lembke;8 de septiembre;Combinación de libros de no ficción impresos y electrónicos;1;
Un fuego que ardía lentamente;Paula Hawkins;15 de septiembre;Ficción combinada en formato impreso y electrónico;1;
Termina con nosotros;Collen Hoover;15 de septiembre;Ficción combinada en formato impreso y electrónico;12;
Billy Veranos;Stephen King;15 de septiembre;Ficción combinada en formato impreso y electrónico;5;
La locura de las multitudes;Louise Penny;15 de septiembre;Ficción combinada en formato impreso y electrónico;2;
Los siete maridos de Evelyn Hugo;Taylor Jenkins Reld;15 de septiembre;Ficción combinada en formato impreso y electrónico;10;
Los documentos de Afganistán;Craig Whitlock;15 de septiembre;Combinación de libros de no ficción impresos y electrónicos;1;
Marxismo americano;Mark R. Levin;15 de septiembre;Combinación de libros de no ficción impresos y electrónicos;8;
El cuerpo lleva a la puntuación;Bessel van der Kolk;15 de septiembre;Combinación de libros de no ficción impresos y electrónicos;54;
El tobogán largo;Tucker Carlson;15 de septiembre;Combinación de libros de no ficción impresos y electrónicos;4;
Las hermanas de Auschwitz;Rocane van Iperen;15 de septiembre;Combinación de libros de no ficción impresos y electrónicos;1;
Olvidado en la muerte;JD Robb;22 de septiembre;Ficción combinada en formato impreso y electrónico;1;
Hermoso mundo, donde estás;Sally Rooney;22 de septiembre;Ficción combinada en formato impreso y electrónico;13;
Billy Veranos;Stephen King;22 de septiembre;Ficción combinada en formato impreso y electrónico;6;
Un fuego que ardía lentamente;Paula Hawkins;22 de septiembre;Ficción combinada en formato impreso y electrónico;2;
Termina con nosotros;Collen Hoover;22 de septiembre;Ficción combinada en formato impreso y electrónico;13;
Marxismo americano;Mark R. Levin;22 de septiembre;Combinación de libros de no ficción impresos y electrónicos;9;
Cuenta regresiva Bin Laden;Chris Wallace y Mitch Weiss;22 de septiembre;Combinación de libros de no ficción impresos y electrónicos;1;
El cuerpo lleva la puntuación;Bessel van der Kolk;22 de septiembre;Combinación de libros de no ficción impresos y electrónicos;55;
Hermoso país;Qian Julie Wang;22 de septiembre;Combinación de libros de no ficción impresos y electrónicos;1;
Este futuro brillante;Bobby Hall;22 de septiembre;Combinación de libros de no ficción impresos y electrónicos;1;
Las manzanas nunca cae;Liane Moriarty;1 de octubre;Ficción combinada en formato impreso y electrónico;1;
Vince Flynn: enemigo a las puertas;Kyle Mills;1 de octubre;Ficción combinada en formato impreso y electrónico;1;
Barajada de Harlem;Colson Whitehead;1 de octubre;Ficción combinada en formato impreso y electrónico;1;
Hermoso mundo, donde estás;Sally Rooney;1 de octubre;Ficción combinada en formato impreso y electrónico;2;
Termina con nosotros;Collen Hoover;1 de octubre;Ficción combinada en formato impreso y electrónico;14;
Marxismo americano;Mark R. Levin;1 de octubre;Combinación de libros de no ficción impresos y electrónicos;10;
Cuenta regresiva Bin Laden;Chris Wallace y Mitch Weiss;1 de octubre;Combinación de libros de no ficción impresos y electrónicos;2;
Guía del cazador-recolector del siglo XXI;Heather Heying y Bret Weinstein;1 de octubre;Combinación de libros de no ficción impresos y electrónicos;1;
Pelusa;Mary Roach;1 de octubre;Combinación de libros de no ficción impresos y electrónicos;1;
El cuerpo lleva a la puntuación;Bessel van der Kolk;1 de octubre;Combinación de libros de no ficción impresos y electrónicos;56;
Las manzanas nunca cae;Liane Moriarty;8 de octubre;Ficción combinada en formato impreso y electrónico;2;
El abogado de la carcel;Jame Patterson y Nancy Allen;8 de octubre;Ficción combinada en formato impreso y electrónico;1;
Hija de la estrella de la mañana;Craig Johnson;8 de octubre;Ficción combinada en formato impreso y electrónico;1;
Vince Flynn: enemigo a las puertas;Kyle Mills;8 de octubre;Ficción combinada en formato impreso y electrónico;2;
Barajada de Harlem;Colson Whitehead;8 de octubre;Ficción combinada en formato impreso y electrónico;2;
Peligro;Bob Woodward y Robert Costa;8 de octubre;Combinación de libros de no ficción impresos y electrónicos;1;
Vanderbilt;Anderson Cooper y Katherine Howe;8 de octubre;Combinación de libros de no ficción impresos y electrónicos;1;
Marxismo americano;Mark R. Levin;8 de octubre;Combinación de libros de no ficción impresos y electrónicos;11;
Suya cruelmente, Elvira;Cassandra Peterson;8 de octubre;Combinación de libros de no ficción impresos y electrónicos;1;
El cuerpo lleva la puntuación;Bessel van der Kolk;8 de octubre;Combinación de libros de no ficción impresos y electrónicos;57;
El deseo;Nicholas Sparks;15 de octubre;Ficción combinada en formato impreso y electrónico;1;
Tierra del cuco de las nubes;Anthony Doerr;15 de octubre;Ficción combinada en formato impreso y electrónico;1;
Lasmanzanas nunca caen;Liane Moriarty;15 de octubre;Ficción combinada en formato impreso y electrónico;3;
El último graduado;Naomi Novik;15 de octubre;Ficción combinada en formato impreso y electrónico;1;
El hombre que murió dos veces;Richard Osman;15 de octubre;Ficción combinada en formato impreso y electrónico;1;
Peligro;Bob Woodward y Robert Costa;15 de octubre;Combinación de libros de no ficción impresos y electrónicos;2;
Vanderbilt;Anderson Cooper y Katherine Howe;15 de octubre;Combinación de libros de no ficción impresos y electrónicos;2;
Marxismo americano;Mark R. Levin;15 de octubre;Combinación de libros de no ficción impresos y electrónicos;12;
No hay cura para ser humano;Kate Bowler;15 de octubre;Combinación de libros de no ficción impresos y electrónicos;1;
El cuerpo lleva la puntuación;Bessel van der Kolk;15 de octubre;Combinación de libros de no ficción impresos y electrónicos;58;
La autopsia Lincoln;Amor Towles;22 de octubre;Ficción combinada en formato impreso y electrónico;1;
El deseo;Nicholas Sparks;22 de octubre;Ficción combinada en formato impreso y electrónico;2;
Tierra del cuco de las nubes;Anthony Doerr;22 de octubre;Ficción combinada en formato impreso y electrónico;2;
Las manzanas nunca cae;Liane Moriarty;22 de octubre;Ficción combinada en formato impreso y electrónico;4;
El mayordomo;Danielle Steel;22 de octubre;Ficción combinada en formato impreso y electrónico;1;
El contador de historias;Dave Grohl;22 de octubre;Combinación de libros de no ficción impresos y electrónicos;1;
Ahora responderé tus preguntas;Stephanie Grisham;22 de octubre;Combinación de libros de no ficción impresos y electrónicos;1;
Peligro;Bob Woodward y Robert Costa;22 de octubre;Combinación de libros de no ficción impresos y electrónicos;3;
Gusto;Stanley Tucci;22 de octubre;Combinación de libros de no ficción impresos y electrónicos;1;
Vanderbilt;Anderson Cooper y Katherine Howe;22 de octubre;Combinación de libros de no ficción impresos y electrónicos;3;
Estado de terror;Hillary Rodham Clinton y Louise Penny;28 de octubre;Ficción combinada en formato impreso y electrónico;1;
La autopsia Lincoln;Amor Towles;28 de octubre;Ficción combinada en formato impreso y electrónico;2;
El deseo;Nicholas Sparks;28 de octubre;Ficción combinada en formato impreso y electrónico;3;
Las manzanas nunca cae;Liane Moriarty;28 de octubre;Ficción combinada en formato impreso y electrónico;5;
Tierra del cuco de las nubes;Anthony Doerr;28 de octubre;Ficción combinada en formato impreso y electrónico;3;
Medianoche en Washington;Adam Schiff;28 de octubre;Combinación de libros de no ficción impresos y electrónicos;1;
Para rescatar la república;Bret Baier y Catherine Whitney;28 de octubre;Combinación de libros de no ficción impresos y electrónicos;1;
El contador de historias;Dave Grohl;28 de octubre;Combinación de libros de no ficción impresos y electrónicos;1;
Peligro;Bob Woodward y Robert Costa;28 de octubre;Combinación de libros de no ficción impresos y electrónicos;4;
Los chicos;Ron Howard y Clint Howard;28 de octubre;Combinación de libros de no ficción impresos y electrónicos;1;
La lista del juez;John Grisham;1 de noviembre;Ficción combinada en formato impreso y electrónico;1;
La autopsia Lincoln;Amor Towles;1 de noviembre;Ficción combinada en formato impreso y electrónico;3;
El deseo;Nicholas Sparks;1 de noviembre;Ficción combinada en formato impreso y electrónico;4;
Estado de terror;Hillary Rodham Clinton y Louise Penny;1 de noviembre;Ficción combinada en formato impreso y electrónico;2;
Termina con nosotros;Colleen Hoover;1 de noviembre;Ficción combinada en formato impreso y electrónico;19;
No todo son diamantes y rosé;Dave Quinn;1 de noviembre;Combinación de libros de no ficción impresos y electrónicos;1;
Para rescatar la república;Bret Baier y Catherine Whitney;1 de noviembre;Combinación de libros de no ficción impresos y electrónicos;2;
El contador de historias;Dave Grohl;1 de noviembre;Combinación de libros de no ficción impresos y electrónicos;3;
Peligro;Bob Woodward y Robert Costa;1 de noviembre;Combinación de libros de no ficción impresos y electrónicos;5;
Medianoche en Washington;Adam Schiff;1 de noviembre;Combinación de libros de no ficción impresos y electrónicos;2;
Mejor muerto;Lee Child y Andrew Child;8 de noviembre;Ficción combinada en formato impreso y electrónico;1;
La lista del juez;John Grisham;8 de noviembre;Ficción combinada en formato impreso y electrónico;2;
Duna;Frank Herbert;8 de noviembre;Ficción combinada en formato impreso y electrónico;2;
La autopsia Lincoln;Amor Towles;8 de noviembre;Ficción combinada en formato impreso y electrónico;4;
El deseo;Nicholas Sparks;8 de noviembre;Ficción combinada en formato impreso y electrónico;5;
Yendo allí;Katie Couric;8 de noviembre;Combinación de libros de no ficción impresos y electrónicos;1;
Renegados;Barack Obama y Bruce Springsteen;8 de noviembre;Combinación de libros de no ficción impresos y electrónicos;1;
Mis mejores deseos, mis más cordiales saludos;Daniel Levy y Eugene Levy;8 de noviembre;Combinación de libros de no ficción impresos y electrónicos;1;
No todo son diamantes y rosé;Dave Quinn;8 de noviembre;Combinación de libros de no ficción impresos y electrónicos;2;
El contador de historias;Dave Grhol;8 de noviembre;Combinación de libros de no ficción impresos y electrónicos;4;
Juego en marcha;Janet Evanovich y Steve Hamilton;15 de noviembre;Ficción combinada en formato impreso y electrónico;1;
La lista del juez;John Grisham;15 de noviembre;Ficción combinada en formato impreso y electrónico;1;
El etraño en el bote salvavidas;Mitch Albom;15 de noviembre;Ficción combinada en formato impreso y electrónico;1;
Mejor muerto;Lee Child y Andrew Child;15 de noviembre;Ficción combinada en formato impreso y electrónico;2;
La autopsia Lincoln;Amor Towles;15 de noviembre;Ficción combinada en formato impreso y electrónico;5;
Las letras: 1956 hasta el presente;Paul McCartney;15 de noviembre;Combinación de libros de no ficción impresos y electrónicos;1;
Inmune;Philipp Dettmer;15 de noviembre;Combinación de libros de no ficción impresos y electrónicos;1;
El presidente y el luchador por la libertad;Brian Kilmeade;15 de noviembre;Combinación de libros de no ficción impresos y electrónicos;1;
El contador de historias ;Dave Grhol;15 de noviembre;Combinación de libros de no ficción impresos y electrónicos;5;
Yendo allí;Katie Couric;15 de noviembre;Combinación de libros de no ficción impresos y electrónicos;2;
Las horas oscuras;Michael Connelly;22 de noviembre;Ficción combinada en formato impreso y electrónico;1;
La lista del juez;John Grisham;22 de noviembre;Ficción combinada en formato impreso y electrónico;4;
El extraño bote salvavidas;Mitch Albom;22 de noviembre;Ficción combinada en formato impreso y electrónico;2;
Nunca;Ken Follett;22 de noviembre;Ficción combinada en formato impreso y electrónico;1;
Mejor muerto;Lee Child y Andrew Child;22 de noviembre;Ficción combinada en formato impreso y electrónico;3;
Voluntad;Will Smith y Mark Manson;22 de noviembre;Combinación de libros de no ficción impresos y electrónicos;1;
El amanecer de todo;David Graeber y David Wengrow;22 de noviembre;Combinación de libros de no ficción impresos y electrónicos;2;
El presidente y el luchador por la libertad;Brian Kilmeade;22 de noviembre;Combinación de libros de no ficción impresos y electrónicos;2;
El contador de historias;David Grhol;22 de noviembre;Combinación de libros de no ficción impresos y electrónicos;6;
Las letras: 1956 hasta el presente;Paul McCartney;22 de noviembre;Combinación de libros de no ficción impresos y electrónicos;2;
Merced;David Baldacci;1 de diciembre;Ficción combinada en formato impreso y electrónico;1;
La lista del juez;John Grisham;1 de diciembre;Ficción combinada en formato impreso y electrónico;5;
Las horas oscuras;Michael Connelly;1 de diciembre;Ficción combinada en formato impreso y electrónico;2;
El extraño bote salvavidas;Mitch Albom;1 de diciembre;Ficción combinada en formato impreso y electrónico;3;
La autopsia Lincoln;Amor Towles;1 de diciembre;Ficción combinada en formato impreso y electrónico;7;
El proyecto 1619;Nikole Hannah-Jones, Ilena Silverman y Jake Silverstein;1 de diciembre;Combinación de libros de no ficción impresos y electrónicos;1;
Navidad totalmente americana;Rachel Campos-Duffy y Sean Duffy;1 de diciembre;Combinación de libros de no ficción impresos y electrónicos;;
Traición;Jonathan Karl;1 de diciembre;Combinación de libros de no ficción impresos y electrónicos;1;
Voluntad;Will Smith y Mark Manson;1 de diciembre;Combinación de libros de no ficción impresos y electrónicos;2;
El verdadero Anthony Fauci ;Robert F y Kennedy Jr;1 de diciembre;Combinación de libros de no ficción impresos y electrónicos;1;
Ve a decirle a las abejas que me he ido;Diana Gabaldon;8 de diciembre;Ficción combinada en formato impreso y electrónico;1;
El devenirse;Nora Roberts;8 de diciembre;Ficción combinada en formato impreso y electrónico;1;
No temas al mal;James Patterson;8 de diciembre;Ficción combinada en formato impreso y electrónico;1;
La lista del juez;John Grishman;8 de diciembre;Ficción combinada en formato impreso y electrónico;6;
El deseo;Nicholas Sparks;8 de diciembre;Ficción combinada en formato impreso y electrónico;9;
El proyecto 1619;Nikole Hannah-Jones, Ilena Silverman y Jake Silverstein;8 de diciembre;Combinación de libros de no ficción impresos y electrónicos;2;
Voluntad;Will Smith y Mark Manson;8 de diciembre;Combinación de libros de no ficción impresos y electrónicos;3;
El contador de historias;Dave Grohi;8 de diciembre;Combinación de libros de no ficción impresos y electrónicos;8;
Las letras: 1956 hasta el presente;Paul McCartney;8 de diciembre;Combinación de libros de no ficción impresos y electrónicos;4;
Estos días preciosos;Ann Patchett;8 de diciembre;Combinación de libros de no ficción impresos y electrónicos;1;
Querría que estés aquí;Jodi Picoult;15 de diciembre;Ficción combinada en formato impreso y electrónico;1;
Cataratas del Leviatán;James SA Corey;15 de diciembre;Ficción combinada en formato impreso y electrónico;1;
Ve a decirle a las abejas que me he ido;Diana Gabaldon;15 de diciembre;Ficción combinada en formato impreso y electrónico;2;
Autopsia;Patricia Cornwell;15 de diciembre;Ficción combinada en formato impreso y electrónico;1;
La lista del juez;John Grisham;15 de diciembre;Ficción combinada en formato impreso y electrónico;7;
El proyecto 1619;Nikole Hannah-Jones, Ilena Silverman y Jake Silverstein;15 de diciembre;Combinación de libros de no ficción impresos y electrónicos;3;
El contador de historias;Dave Grhol;15 de diciembre;Combinación de libros de no ficción impresos y electrónicos;9;
Navidad totalmente americana;Rachel Campos-Duffy y Sean Duffy;15 de diciembre;Combinación de libros de no ficción impresos y electrónicos;3;
¡Todo sobre mí!;Mel Brooks;15 de diciembre;Combinación de libros de no ficción impresos y electrónicos;1;
Voluntad;Will Smith y Mark Manson;15 de diciembre;Combinación de libros de no ficción impresos y electrónicos;4;
Llamanos lo que llevamos;Amanda Gorman;22 de diciembre;Ficción combinada en formato impreso y electrónico;1;
La lista del juez;John Grishman;22 de diciembre;Ficción combinada en formato impreso y electrónico;8;
Ve a decirle a las abejas que me he ido;Diana Gabaldon;22 de diciembre;Ficción combinada en formato impreso y electrónico;3;
La autopsia Lincoln;Amor Towles;22 de diciembre;Ficción combinada en formato impreso y electrónico;10;
Querría que estés aquí;Jodi Picoult;22 de diciembre;Ficción combinada en formato impreso y electrónico;2;
El proyecto 1619;Nikole Hannah-Jones, Ilena Silverman y Jake Silverstein;22 de diciembre;Combinación de libros de no ficción impresos y electrónicos;4;
Navidad totalmente americana;Rachel Campos-Duffy y Sean Duffy;22 de diciembre;Combinación de libros de no ficción impresos y electrónicos;4;
El contador de historias;Dave Grhol;22 de diciembre;Combinación de libros de no ficción impresos y electrónicos;10;
Voluntad;Will Smith y Mark Manson;22 de diciembre;Combinación de libros de no ficción impresos y electrónicos;5;
Las letras: 1956 hasta el presente;Paul McCartney;22 de diciembre;Combinación de libros de no ficción impresos y electrónicos;6;
