Semana;Ranking;Autor;Semanas en ranking
1 de enero;1;Colleen Hoover;9
1 de enero;2;Colleen Hoover;79
1 de enero;3;Bonnie Garmus;6
1 de enero;4;Colleen Hoover;54
1 de enero;5;John Grisham;9
1 de enero;6;Stephen King;15
1 de enero;7;Delia Owens;191
1 de enero;8;Colleen Hoover;49
1 de enero;9;Barbara Kingsolver;6
1 de enero;10;Taylor Jenkins Reid;76
1 de enero;11;Nicholas Sparks;6
1 de enero;12;Louise Penny;3
1 de enero;13;Colleen Hoover;34
1 de enero;14;Gabrielle Zevin;2
1 de enero;15;Jodi Picoult and Jennifer Finney Boylan;9
1 de enero;1;Michelle Obama;5
1 de enero;2;Jennette McCurdy;19
1 de enero;3;Matthew Perry;7
1 de enero;4;Bono;7
1 de enero;5; Stacy Schiff;8
1 de enero;6;Bessel van der Kolk;121
1 de enero;7;Jon Meacham;9
1 de enero;8;Randall Munroe;8
1 de enero;9;Bob Dylan;7
1 de enero;10;Siddhartha Mukherjee;8
1 de enero;11;Mike Pence;5
1 de enero;12;Rush Limbaugh with Kathryn Adams Limbaugh and David Limbaugh;4
1 de enero;13;Robin Wall Kimmerer;59
1 de enero;14;Ed Yong;8
1 de enero;15;Patti Smith;3
8 de enero;1;Colleen Hoover;10
8 de enero;2;Colleen Hoover;80
8 de enero;3;Bonnie Garmus;7
8 de enero;4;Colleen Hoover;55
8 de enero;5;John Grisham;10
8 de enero;6;Stephen King;16
8 de enero;7;Delia Owens;192
8 de enero;8;Colleen Hoover;50
8 de enero;9;Taylor Jenkins Reid;77
8 de enero;10;Barbara Kingsolver;7
8 de enero;11;Nicholas Sparks;7
8 de enero;12;Colleen Hoover;35
8 de enero;13;Alex Michaelides;51
8 de enero;14;James Patterson;5
8 de enero;15;Jodi Picoult and Jennifer Finney Boylan;10
8 de enero;1;Michelle Obama;6
8 de enero;2;Jennette McCurdy;20
8 de enero;3;Matthew Perry;8
8 de enero;4;Bono;8
8 de enero;5;Bessel van der Kolk;122
8 de enero;6;Stacy Schiff;9
8 de enero;7;Jon Meacham;10
8 de enero;8;Ed Yong;9
8 de enero;9;Bob Dylan;8
8 de enero;10;Rush Limbaugh with Kathryn Adams Limbaugh and David Limbaugh;5
8 de enero;11;Mike Pence;6
8 de enero;12;Randall Munroe;9
8 de enero;13;Siddhartha Mukherjee;9
8 de enero;14;Robin Wall Kimmerer;60
8 de enero;15;Mel Brooks;4
15 de enero;1;Colleen Hoover;11
15 de enero;2;Bonnie Garmus;8
15 de enero;3;Colleen Hoover;81
15 de enero;4;Colleen Hoover;56
15 de enero;5;Taylor Jenkins Reid;78
15 de enero;6;Jodi Picoult and Jennifer Finney Boylan;11
15 de enero;7;Colleen Hoover;51
15 de enero;8;Gabrielle Zevin;3
15 de enero;9;John Grisham;11
15 de enero;10;Michael Connelly;6
15 de enero;11;Nicholas Sparks;8
15 de enero;12;Barbara Kingsolver;8
15 de enero;13;Alex Michaelides;52
15 de enero;14;Stephen King;17
15 de enero;15;R.F. Kuang;2
15 de enero;1;Michelle Obama;7
15 de enero;2;House January 6th Committee;1
15 de enero;3;Jennette McCurdy;21
15 de enero;4;Bessel van der Kolk;123
15 de enero;5;Select Committee to Investigate the Jan. 6 Attack on the United States Capito;1
15 de enero;6;Matthew Perry;9
15 de enero;7;Siddhartha Mukherjee;10
15 de enero;8;Jon Meacham;11
15 de enero;9;Stacy Schiff;10
15 de enero;10;Bono;9
15 de enero;11;Bell Hooks;30
15 de enero;12;Ed Yong;10
15 de enero;13;Robin Wall Kimmerer;61
15 de enero;14;Michelle Zauner;51
15 de enero;15;Bob Dylan;9
22 de enero;1;Colleen Hoover;12
22 de enero;2;Colleen Hoover;82
22 de enero;3;Colleen Hoover;57
22 de enero;4;Bonnie Garmus;9
22 de enero;5;Danielle Steel;1
22 de enero;6;Taylor Jenkins Reid;79
22 de enero;7;Colleen Hoover;52
22 de enero;8;Ana Reyes;1
22 de enero;9;Alex Michaelides;53
22 de enero;10;Barbara Kingsolver;9
22 de enero;11;John Grisham;12
22 de enero;12; Nita Prose;12
22 de enero;13;Gabrielle Zevin;4
22 de enero;14;Delia Owens;193
22 de enero;15;Ali Hazelwood;1
22 de enero;1;Michelle Obama;8
22 de enero;2;Jennette McCurdy;22
22 de enero;3;House January 6th Committee;2
22 de enero;4;Bessel van der Kolk;124
22 de enero;5;Select Committee to Investigate the Jan. 6 Attack on the United States Capito;2
22 de enero;6;Matthew Perry;10
22 de enero;7;Bell Hooks;31
22 de enero;8;Kevin M. Kruse and Julian E. Zelizer;1
22 de enero;9;Ed Yong;11
22 de enero;10;Stacy Schiff;11
22 de enero;11;Jon Meacham;12
22 de enero;12;Siddhartha Mukherjee;11
22 de enero;13;Bono;10
22 de enero;14;Robin Wall Kimmerer;62
22 de enero;15;Gabor Maté with Daniel Maté;7
29 de enero;1;Colleen Hoover;13
29 de enero;2;Colleen Hoover;83
29 de enero;3;James Patterson and Mike Lupica;1
29 de enero;4;Colleen Hoover;58
29 de enero;5;Leigh Bardugo;1
29 de enero;6;Bonnie Garmus;10
29 de enero;7;Taylor Jenkins Reid;80
29 de enero;8;Colleen Hoover;53
29 de enero;9;Gabrielle Zevin;5
29 de enero;10;Ana Reyes;2
29 de enero;11;Jodi Picoult and Jennifer Finney Boylan;12
29 de enero;12;Barbara Kingsolver;10
29 de enero;13;Alex Michaelides;54
29 de enero;14;John Grisham;13
29 de enero;15;Lucy Score;1
29 de enero;1;Prince Harry;1
29 de enero;2;Michelle Obama;9
29 de enero;3;Jennette McCurdy;23
29 de enero;4;Bessel van der Kolk;125
29 de enero;5;Brad Meltzer and Josh Mensch;1
29 de enero;6;Aubrey Gordon;1
29 de enero;7;Matthew Perry;11
29 de enero;8;Stacy Schiff;12
29 de enero;9;Ed Yong;12
29 de enero;10;January 6 Select Committee;1
29 de enero;11;Bell Hooks;32
29 de enero;12;Robin Wall Kimmerer;63
29 de enero;13;Lauren Fleshman;1
29 de enero;14;Jon Meacham;13
29 de enero;15;Gabor Maté with Daniel Maté;8
5 de febrero;1;Colleen Hoover;14
5 de febrero;2;Colleen Hoover;84
5 de febrero;3;Douglas Preston and Lincoln Child;1
5 de febrero;4;Colleen Hoover;59
5 de febrero;5;Bonnie Garmus;11
5 de febrero;6;James Patterson and Mike Lupica;2
5 de febrero;7;Taylor Jenkins Reid;81
5 de febrero;8;Gabrielle Zevin;6
5 de febrero;9;Colleen Hoover;54
5 de febrero;10;Grady Hendrix;1
5 de febrero;11;Ana Reyes;3
5 de febrero;12;Alex Michaelides;55
5 de febrero;13;Fredrik Backman;57
5 de febrero;14;Barbara Kingsolver;11
5 de febrero;15;John Grisham;14
5 de febrero;1;Prince Harry;2
5 de febrero;2;Michelle Obama;10
5 de febrero;3;Brad Meltzer and Josh Mensch;2
5 de febrero;4;Bessel van der Kolk;126
5 de febrero;5;Jennette McCurdy;24
5 de febrero;6;Stephen A. Smith;1
5 de febrero;7;Ilyon Woo;1
5 de febrero;8;Matthew Perry;12
5 de febrero;9;Bell Hooks;33
5 de febrero;10;Tracy Kidder;1
5 de febrero;11;Robin Wall Kimmerer;64
5 de febrero;12;Ed Yong;13
5 de febrero;13;Michelle Zauner;52
5 de febrero;14;Siddhartha Mukherjee;12
5 de febrero;15;Jon Meacham;14
12 de febrero;1;Colleen Hoover;85
12 de febrero;2;Colleen Hoover;15
12 de febrero;3;Bonnie Garmus;12
12 de febrero;4;Colleen Hoover;60
12 de febrero;5;Taylor Jenkins Reid;82
12 de febrero;6;Colleen Hoover;55
12 de febrero;7;Gabrielle Zevin;7
12 de febrero;8;Christine Feehan;1
12 de febrero;9;James Patterson and Mike Lupica;3
12 de febrero;10;Ana Reyes;4
12 de febrero;11;Taylor Jenkins Reid;5
12 de febrero;12;Alex Michaelides;56
12 de febrero;13;Barbara Kingsolver;12
12 de febrero;14;Brad Taylor;1
12 de febrero;15;John Grisham;15
12 de febrero;1;Prince Harry;3
12 de febrero;2;Jennette McCurdy;25
12 de febrero;3;Bessel van der Kolk;127
12 de febrero;4;Mike Pompeo;1
12 de febrero;5;Michelle Obama;11
12 de febrero;6;Brad Meltzer and Josh Mensch;3
12 de febrero;7;Stephen A. Smith;2
12 de febrero;8;Matthew Perry;13
12 de febrero;9;Bell Hooks;34
12 de febrero;10;Robin Wall Kimmerer;65
12 de febrero;11;Richard Haass;1
12 de febrero;12;Johann Hari;3
12 de febrero;13; Nikole Hannah-Jones, Caitlin Roper, Ilena Silverman and Jake Silverstein;25
12 de febrero;14;Select Committee to Investigate the Jan. 6 Attack on the United States Capito;3
12 de febrero;15;Bono;11
19 de febrero;1;Colleen Hoover;86
19 de febrero;2;Colleen Hoover;16
19 de febrero;3;Bonnie Garmus;13
19 de febrero;4;Colleen Hoover;61
19 de febrero;5;Colleen Hoover;1
19 de febrero;6;Taylor Jenkins Reid;83
19 de febrero;7;Gabrielle Zevin;8
19 de febrero;8;Colleen Hoover;56
19 de febrero;9;Barbara Kingsolver;13
19 de febrero;10;Jane Harper;1
19 de febrero;11;Alex Michaelides;57
19 de febrero;12;Ana Reyes;5
19 de febrero;13;Colleen Hoover;36
19 de febrero;14;Lucy Score;2
19 de febrero;15;Taylor Jenkins Reid;6
19 de febrero;1;Prince Harry;4
19 de febrero;2;Pamela Anderson;1
19 de febrero;3;Bessel van der Kolk;128
19 de febrero;4;Jennette McCurdy;26
19 de febrero;5;Brad Meltzer and Josh Mensch;4
19 de febrero;6;Mike Pompeo;2
19 de febrero;7;Michelle Obama;12
19 de febrero;8;Siddharth Kara;1
19 de febrero;9;Bell Hooks;35
19 de febrero;10;Nikole Hannah-Jones, Caitlin Roper, Ilena Silverman and Jake Silverstein;26
19 de febrero;11;Jon Meacham;15
19 de febrero;12;Matthew Perry;14
19 de febrero;13;Stephen A. Smith;3
19 de febrero;14;Robin Wall Kimmerer;66
19 de febrero;15;Ilyon Woo;2
26 de febrero;1;J.D. Robb;1
26 de febrero;2;Colleen Hoover;87
26 de febrero;3;Colleen Hoover;17
26 de febrero;4;Colleen Hoover;2
26 de febrero;5;Bonnie Garmus;14
26 de febrero;6;Jojo Moyes;1
26 de febrero;7;Tessa Bailey;1
26 de febrero;8;Colleen Hoover;62
26 de febrero;9;Taylor Jenkins Reid;84
26 de febrero;10;Colleen Hoover;57
26 de febrero;11;Jonathan Kellerman;1
26 de febrero;12;Katee Robert;1
26 de febrero;13;Hannah Grace;1
26 de febrero;14;Gabrielle Zevin;9
26 de febrero;15;Alex Michaelides;58
26 de febrero;1;Prince Harry;5
26 de febrero;2;Bessel van der Kolk;129
26 de febrero;3;Jennette McCurdy;27
26 de febrero;4;Pamela Anderson;2
26 de febrero;5;Michelle Obama;13
26 de febrero;6;Mark Pomerantz;1
26 de febrero;7;Mike Pompeo;3
26 de febrero;8;Matthew Perry;15
26 de febrero;9;Brad Meltzer and Josh Mensch;5
26 de febrero;10;Bell Hooks;36
26 de febrero;11;Heather Gay;1
26 de febrero;12;Viola Davis;20
26 de febrero;13;Robin Wall Kimmerer;67
26 de febrero;14;James Patterson and Matt Eversmann with Chris Mooney;1
26 de febrero;15;Nikole Hannah-Jones, Caitlin Roper, Ilena Silverman and Jake Silverstein;27
5 de marzo;1;Colleen Hoover;18
5 de marzo;2;Colleen Hoover;88
5 de marzo;3;Colleen Hoover;3
5 de marzo;4;Bonnie Garmus;15
5 de marzo;5;Colleen Hoover;63
5 de marzo;6;Taylor Jenkins Reid;85
5 de marzo;7;Colleen Hoover;58
5 de marzo;8;Taylor Jenkins Reid;7
5 de marzo;9;Gabrielle Zevin;10
5 de marzo;10;Jojo Moyes;2
5 de marzo;11;James Patterson;1
5 de marzo;12;Gregg Hurwitz;1
5 de marzo;13;Lucy Score;3
5 de marzo;14;Alex Michaelides;59
5 de marzo;15;Barbara Kingsolver;14
5 de marzo;1;Prince Harry;6
5 de marzo;2;Bessel van der Kolk;130
5 de marzo;3;James B. Stewart and Rachel Abrams;1
5 de marzo;4;Jennette McCurdy;28
5 de marzo;5;Isabel Wilkerson;58
5 de marzo;6;Michelle Obama;14
5 de marzo;7;Pamela Anderson;3
5 de marzo;8; Susan Cain;4
5 de marzo;9;Greta Thunberg;1
5 de marzo;10;Brad Meltzer and Josh Mensch;6
5 de marzo;11;James Patterson and Matt Eversmann with Chris Mooney;2
5 de marzo;12;David Grann;71
5 de marzo;13;Bell Hooks;37
5 de marzo;14;Mike Pompeo;4
5 de marzo;15;Matthew Perry;16
12 de marzo;1;Lucy Score;1
12 de marzo;2;Colleen Hoover;19
12 de marzo;3;Colleen Hoover;89
12 de marzo;4;Bonnie Garmus;16
12 de marzo;5;Mark Greaney;1
12 de marzo;6;Colleen Hoover;4
12 de marzo;7;Colleen Hoover;64
12 de marzo;8;Taylor Jenkins Reid;8
12 de marzo;9;Taylor Jenkins Reid;86
12 de marzo;10;Steve Berry ;1
12 de marzo;11;Gabrielle Zevin;11
12 de marzo;12;Colleen Hoover;59
12 de marzo;13;Rebecca Makkai;1
12 de marzo;14;Jojo Moyes;3
12 de marzo;15;Lucy Foley;11
12 de marzo;1;Prince Harry;7
12 de marzo;2;Bernie Sanders with John Nichols;1
12 de marzo;3;Bessel van der Kolk;131
12 de marzo;4;Jennette McCurdy;29
12 de marzo;5;Michelle Obama;15
12 de marzo;6;James Patterson and Matt Eversmann with Chris Mooney;3
12 de marzo;7;Bell Hooks;38
12 de marzo;8;Isabel Wilkerson;59
12 de marzo;9;James B. Stewart and Rachel Abrams;2
12 de marzo;10;Pamela Anderson;4
12 de marzo;11;Beth Moore;1
12 de marzo;12;Brad Meltzer and Josh Mensch;7
12 de marzo;13;Robin Wall Kimmerer;68
12 de marzo;14;Nikole Hannah-Jones, Caitlin Roper, Ilena Silverman and Jake Silverstein;28
12 de marzo;15;Susan Cain;5
19 de marzo;1;C.J. Box;1
19 de marzo;2;Colleen Hoover and Tarryn Fisher;1
19 de marzo;3;Colleen Hoover;20
19 de marzo;4;Bonnie Garmus;17
19 de marzo;5;Colleen Hoover;90
19 de marzo;6;Taylor Jenkins Reid;9
19 de marzo;7;Colleen Hoover;65
19 de marzo;8;Colleen Hoover;5
19 de marzo;9; Samantha Shannon;1
19 de marzo;10;Lucy Score;2
19 de marzo;11;Taylor Jenkins Reid;87
19 de marzo;12;Gabrielle Zevin;12
19 de marzo;13;Colleen Hoover;60
19 de marzo;14;Lucy Foley;12
19 de marzo;15;Jojo Moyes;4
19 de marzo;1;Ron DeSantis;1
19 de marzo;2;Prince Harry;8
19 de marzo;3;Bessel van der Kolk;132
19 de marzo;4;Jennette McCurdy;30
19 de marzo;5;Katherine May;1
19 de marzo;6;Michelle Obama;16
19 de marzo;7;Bernie Sanders with John Nichols;2
19 de marzo;8;Beth Moore;2
19 de marzo;9;Sister Jean Dolores Schmidt with Seth Davis;1
19 de marzo;10;James Patterson and Matt Eversmann with Chris Mooney;4
19 de marzo;11;Bell Hooks;39
19 de marzo;12;Robin Wall Kimmerer;69
19 de marzo;13;Isabel Wilkerson;60
19 de marzo;14;Brad Meltzer and Josh Mensch;8
19 de marzo;15;Nikole Hannah-Jones, Caitlin Roper, Ilena Silverman and Jake Silverstein;29
26 de marzo;1;Colleen Hoover;21
26 de marzo;2;Taylor Jenkins Reid;10
26 de marzo;3;Colleen Hoover;91
26 de marzo;4;Colleen Hoover and Tarryn Fisher;2
26 de marzo;5;Bonnie Garmus;18
26 de marzo;6;Danielle Steel;1
26 de marzo;7;Colleen Hoover;6
26 de marzo;8;Colleen Hoover;66
26 de marzo;9;C.J. Box;2
26 de marzo;10;Taylor Jenkins Reid;88
26 de marzo;11;Jenny Jackson;1
26 de marzo;12;Colleen Hoover;61
26 de marzo;13;Gabrielle Zevin;13
26 de marzo;14;Lucy Score;3
26 de marzo;15;Lucy Foley;13
26 de marzo;1;Prince Harry;9
26 de marzo;2;Ron DeSantis;2
26 de marzo;3;Bessel van der Kolk;133
26 de marzo;4;Jennette McCurdy;31
26 de marzo;5;Bernie Sanders with John Nichols;3
26 de marzo;6;James Patterson and Matt Eversmann with Chris Mooney;5
26 de marzo;7;Michelle Obama;17
26 de marzo;8;Bell Hooks;40
26 de marzo;9;Jenny Odell;1
26 de marzo;10;Robin Wall Kimmerer;70
26 de marzo;11;Katherine May;2
26 de marzo;12;Beth Moore;3
26 de marzo;13;Gabor Maté with Daniel Maté;9
26 de marzo;14;Sister Jean Dolores Schmidt with Seth Davis;2
26 de marzo;15;Nikole Hannah-Jones, Caitlin Roper, Ilena Silverman and Jake Silverstein;30
2 de abril;1;Harlan Coben;1
2 de abril;2;Ann Napolitano;1
2 de abril;3;Colleen Hoover;22
2 de abril;4;Colleen Hoover;92
2 de abril;5;Taylor Jenkins Reid;11
2 de abril;6;Bonnie Garmus;19
2 de abril;7;Colleen Hoover;3
2 de abril;8;Colleen Hoover;67
2 de abril;9;Taylor Jenkins Reid;89
2 de abril;10;Colleen Hoover;7
2 de abril;11;Colleen Hoover;62
2 de abril;12;Gabrielle Zevin;14
2 de abril;13;Jenny Jackson;2
2 de abril;14;Lucy Score;4
2 de abril;15;C.J. Box;3
2 de abril;1;Benjamin Hall;1
2 de abril;2;Prince Harry;10
2 de abril;3;Paris Hilton;1
2 de abril;4;Ron DeSantis;3
2 de abril;5;Bessel van der Kolk;134
2 de abril;6;Jennette McCurdy;32
2 de abril;7;Kara Goucher with Mary Pilon;1
2 de abril;8;Michelle Obama;18
2 de abril;9;James Patterson and Matt Eversmann with Chris Mooney;6
2 de abril;10;Bell Hooks;41
2 de abril;11;Robin Wall Kimmerer;71
2 de abril;12;Katherine May;3
2 de abril;13;Michelle Miller with Rosemarie Robotham;1
2 de abril;14;Beth Moore;4
2 de abril;15;Bernie Sanders with John Nichols;4
9 de abril;1;Colleen Hoover;23
9 de abril;2;Bonnie Garmus;20
9 de abril;3;Taylor Jenkins Reid;12
9 de abril;4;Colleen Hoover;93
9 de abril;5; James Patterson and Brendan DuBois;1
9 de abril;6;Harlan Coben;2
9 de abril;7;Ann Napolitano;2
9 de abril;8;Taylor Jenkins Reid;90
9 de abril;9;Colleen Hoover;68
9 de abril;10;Colleen Hoover and Tarryn Fisher;4
9 de abril;11; Laura Dave;37
9 de abril;12;Laurell K. Hamilton;1
9 de abril;13;Jacqueline Winspear;1
9 de abril;14;Collen Hoover;8
9 de abril;15;Gabrielle Zevin;15
9 de abril;1;Matthew Desmond;1
9 de abril;2;Benjamin Hall;2
9 de abril;3;Prince Harry;11
9 de abril;4;Bessel van der Kolk;135
9 de abril;5;Jennette McCurdy;33
9 de abril;6;Paris Hilton;2
9 de abril;7;Ron DeSantis;4
9 de abril;8;Michelle Obama;19
9 de abril;9;Ari Shapiro;1
9 de abril;10;Bell Hooks;42
9 de abril;11;Robin Wall Kimmerer;72
9 de abril;12;Michelle Zauner;53
9 de abril;13;Beth Moore;5
9 de abril;14;Brad Meltzer and Josh Mensch;9
9 de abril;15;Bernie Sanders with John Nichols;5
16 de abril;1;Taylor Jenkins Reid;13
16 de abril;2;Colleen Hoover;24
16 de abril;3;Bonnie Garmus;21
16 de abril;4;Colleen Hoover;94
16 de abril;5;Taylor Jenkins Reid;91
16 de abril;6;Ann Napolitano;3
16 de abril;7;Colleen Hoover;69
16 de abril;8;Jeannette Walls;1
16 de abril;9;Lisa Scottoline;1
16 de abril;10;Harlan Coben;3
16 de abril;11;Colleen Hoover and Tarryn Fisher;5
16 de abril;12;Colleen Hoover;63
16 de abril;13;Laura Dave;38
16 de abril;14;Gabrielle Zevin;16
16 de abril;15;Colleen Hoover;9
16 de abril;1;Peter Attia with Bill Gifford;1
16 de abril;2;Bessel van der Kolk;136
16 de abril;3;Matthew Desmond;2
16 de abril;4;Prince Harry;12
16 de abril;5;Michelle Zauner;54
16 de abril;6;Jennette McCurdy;34
16 de abril;7;Benjamin Hall;3
16 de abril;8;Michelle Obama;20
16 de abril;9;Ron DeSantis;5
16 de abril;10;Bell Hooks;43
16 de abril;11;Robin Wall Kimmerer;73
16 de abril;12;Jeff Sharlet;1
16 de abril;13;Daniel Kahneman;24
16 de abril;14;Paris Hilton;3
16 de abril;15;David Grann;72
23 de abril;1;Colleen Hoover;25
23 de abril;2;Colleen Hoover;95
23 de abril;3;Bonnie Garmus;22
23 de abril;4;Taylor Jenkins Reid;14
23 de abril;5;Taylor Jenkins Reid;92
23 de abril;6;Kate Morton;1
23 de abril;7;Curtis Sittenfeld;1
23 de abril;8;Colleen Hoover;70
23 de abril;9;Colleen Hoover and Tarryn Fisher;6
23 de abril;10;Laura Dave;39
23 de abril;11;Ann Napolitano;4
23 de abril;12;Colleen Hoover;10
23 de abril;13;Jeannette Walls;2
23 de abril;14;Colleen Hoover ;64
23 de abril;15;Gabrielle Zevin;17
23 de abril;1;Peter Attia with Bill Gifford;2
23 de abril;2;Bessel van der Kolk;137
23 de abril;3;Michelle Zauner;55
23 de abril;4;Jennette McCurdy;35
23 de abril;5;Prince Harry;13
23 de abril;6;Des Linden with Bonnie D. Ford;1
23 de abril;7;Matthew Desmond;3
23 de abril;8;Mike Greenberg with Paul Hembekides;1
23 de abril;9;Timothy Egan;1
23 de abril;10;James Patterson and Matt Eversmann with Chris Mooney;7
23 de abril;11;Tom Clavin;1
23 de abril;12;Bell Hooks;44
23 de abril;13;Michelle Obama;21
23 de abril;14;Benjamin Hall;4
23 de abril;15;Robin Wall Kimmerer;74
30 de abril;1;John Sandford;1
30 de abril;2;Laura Dave;40
30 de abril;3;Bonnie Garmus;23
30 de abril;4; Abby Jimenez;1
30 de abril;5;Colleen Hoover;96
30 de abril;6;Colleen Hoover;26
30 de abril;7; J.R. Ward;1
30 de abril;8;Taylor Jenkins Reid;93
30 de abril;9;Ann Napolitano;5
30 de abril;10;Taylor Jenkins Reid;15
30 de abril;11;Colleen Hoover;71
30 de abril;12;Colleen Hoover and Tarryn Fisher;7
30 de abril;13; Megan Miranda;1
30 de abril;14;Gabrielle Zevin;18
30 de abril;15;Jeannette Walls;3
30 de abril;1;Peter Attia with Bill Gifford;3
30 de abril;2;Bessel van der Kolk;138
30 de abril;3;Michelle Zauner;56
30 de abril;4;Jennette McCurdy;36
30 de abril;5;Maggie Smith;1
30 de abril;6;Prince Harry;14
30 de abril;7;Matthew Desmond;4
30 de abril;8;Katie Porter;1
30 de abril;9;Mary Louise Kelly;1
30 de abril;10;Thomas Hertog;1
30 de abril;11;Matthew McConaughey;71
30 de abril;12;Mike Greenberg with Paul Hembekides;2
30 de abril;13;Timothy Egan;2
30 de abril;14;Bell Hooks;45
30 de abril;15;Robin Wall Kimmerer;75
7 de mayo;1;David Baldacci;1
7 de mayo;2;Laura Dave;41
7 de mayo;3;Colleen Hoover;97
7 de mayo;4;Bonnie Garmus;24
7 de mayo;5;Colleen Hoover;27
7 de mayo;6;Ann Napolitano;6
7 de mayo;7;Taylor Jenkins Reid;94
7 de mayo;8;Colleen Hoover;72
7 de mayo;9;John Sandford;2
7 de mayo;10;Collen Hoover and Tarryn Fisher;8
7 de mayo;11;Don Winslow;1
7 de mayo;12;Taylor Jenkins Reid;16
7 de mayo;13;Jeannette Walls;4
7 de mayo;14;Gabrielle Zevin;19
7 de mayo;15;Colleen Hoover;65
7 de mayo;1;David Grann;1
7 de mayo;2;Peter Attia with Bill Gifford;4
7 de mayo;3;David Grann;73
7 de mayo;4;Kat Timpf;1
7 de mayo;5;Bessel van der Kolk;139
7 de mayo;6;Michelle Zauner;57
7 de mayo;7;Jennette McCurdy;37
7 de mayo;8;Prince Harry;15
7 de mayo;9;Michelle Obama;22
7 de mayo;10;Matthew Desmond;5
7 de mayo;11;Matthew McConaughey;72
7 de mayo;12;Robin Wall Kimmerer;76
7 de mayo;13;Bell Hooks;46
7 de mayo;14;Katie Porter;2
7 de mayo;15;Maggie Smith;2
14 de mayo;1;Emily Henry;1
14 de mayo;2;David Baldacci;2
14 de mayo;3;Colleen Hoover;98
14 de mayo;4;Laura Dave;42
14 de mayo;5;Bonnie Garmus;25
14 de mayo;6;Colleen Hoover;28
14 de mayo;7;Dennis Lehane;1
14 de mayo;8;Colleen Hoover;73
14 de mayo;9;Ann Napolitano;7
14 de mayo;10;Taylor Jenkins Reid;95
14 de mayo;11;Anne Hillerman;1
14 de mayo;12;T.J. Klune;1
14 de mayo;13;Colleen Hoover and Tarryn Fisher;9
14 de mayo;14;Taylor Jenkins Reid;17
14 de mayo;15;Gabrielle Zevin;20
14 de mayo;1;David Grann;2
14 de mayo;2;Peter Attia with Bill Gifford;5
14 de mayo;3;Michelle Obama;23
14 de mayo;4;Matthew McConaughey;73
14 de mayo;5;Bessel van der Kolk;140
14 de mayo;6;Michelle Zauner;58
14 de mayo;7;Kat Timpf;2
14 de mayo;8;Lucinda Williams;1
14 de mayo;9;Jennette McCurdy;38
14 de mayo;10;Prince Harry;16
14 de mayo;11;David Grann;74
14 de mayo;12;Matthew Desmond;6
14 de mayo;13;Laura Dern and Diane Ladd;1
14 de mayo;14;Timothy Egan;3
14 de mayo;15;Matika Wilbur;1
21 de mayo;1;James Patterson and Maxine Paetro;1
21 de mayo;2;Emily Henry;2
21 de mayo;3;Carley Fortune;1
21 de mayo;4;Abraham Verghese;1
21 de mayo;5;Rebecca Yarros;1
21 de mayo;6;Danielle Steel;1
21 de mayo;7;Colleen Hoover;99
21 de mayo;8;Bonnie Garmus;26
21 de mayo;9;David Baldacci;3
21 de mayo;10;Colleen Hoover;29
21 de mayo;11;Laura Dave;43
21 de mayo;12;Colleen Hoover;74
21 de mayo;13;Mo Xiang Tong Xiu;1
21 de mayo;14;Taylor Jenkins Reid;96
21 de mayo;15;Ann Napolitano;8
21 de mayo;1;David Grann;3
21 de mayo;2;Michelle Obama;24
21 de mayo;3;Luke Russert;1
21 de mayo;4;Peter Attia with Bill Gifford;6
21 de mayo;5;Bessel van der Kolk;141
21 de mayo;6;Prince Harry;17
21 de mayo;7;Jennette McCurdy;39
21 de mayo;8;Michelle Zauner;59
21 de mayo;9;Deborah Roberts;1
21 de mayo;10;Jonathan Freedland;1
21 de mayo;11;;75
21 de mayo;12;Minka Kelly;1
21 de mayo;13;Isabel Wilkerson;61
21 de mayo;14; Katy Hessel;1
21 de mayo;15;Matthew McConaughey;74
28 de mayo;1;Emily Henry;3
28 de mayo;2;Colleen Hoover;100
28 de mayo;3;Tom Hanks;1
28 de mayo;4;Rebecca Yarros;2
28 de mayo;5;Bonnie Garmus;27
28 de mayo;6;Colleen Hoover;30
28 de mayo;7;James Patterson and Maxine Paetro;2
28 de mayo;8; Julia Quinn and Shonda Rhimes;1
28 de mayo;9;Barbara Kingsolver;15
28 de mayo;10;Carley Fortune;2
28 de mayo;11;Abraham Verghese;2
28 de mayo;12;Laura Dave;44
28 de mayo;13;David Baldacci;4
28 de mayo;14;Colleen Hoover;75
28 de mayo;15;Ann Napolitano;9
28 de mayo;1;Prince Harry;18
28 de mayo;2;David Grann;4
28 de mayo;3;Andy Cohen;1
28 de mayo;4;Michelle Obama;25
28 de mayo;5;Bessel van der Kolk;142
28 de mayo;6;Peter Attia with Bill Gifford;7
28 de mayo;7;Jennette McCurdy;40
28 de mayo;8;Michelle Zauner;60
28 de mayo;9;Luke Russert;2
28 de mayo;10;Andrew McCarthy;1
28 de mayo;11;David Grann;76
28 de mayo;12;Matthew McConaughey;75
28 de mayo;13;Robin Wall Kimmerer;77
28 de mayo;14;Bell Hooks;47
28 de mayo;15;Deborah Roberts;2
4 de junio;1;Jack Carr;1
4 de junio;2;Emily Henry;4
4 de junio;3;Colleen Hoover;101
4 de junio;4;Colleen Hoover;31
4 de junio;5;Bonnie Garmus;28
4 de junio;6;Rebecca Yarros;3
4 de junio;7;Barbara Kingsolver;16
4 de junio;8;Colleen Hoover;76
4 de junio;9;James Patterson and Maxine Paetro;3
4 de junio;10;Laura Dave;45
4 de junio;11;Christina Lauren;1
4 de junio;12;Carley Fortune;3
4 de junio;13;Abraham Verghese;3
4 de junio;14;Taylor Jenkins Reid;97
4 de junio;15;R.F. Kuang;1
4 de junio;1;David Grann;5
4 de junio;2;David Grann;77
4 de junio;3;Bessel van der Kolk;143
4 de junio;4;Prince Harry;19
4 de junio;5;Peter Attia with Bill Gifford;8
4 de junio;6;Andy Cohen;2
4 de junio;7;Samantha Irby;1
4 de junio;8;Jonathan Eig;1
4 de junio;9;Jennette McCurdy;41
4 de junio;10;Michelle Obama;26
4 de junio;11;Michelle Zauner;61
4 de junio;12;Stephen Vladeck;1
4 de junio;13;;3
4 de junio;14;Simon Sebag Montefiore;1
4 de junio;15;Robin Wall Kimmerer;78
11 de junio;1;Nora Roberts;1
11 de junio;2;Emily Henry;5
11 de junio;3;Colleen Hoover;102
11 de junio;4;Abraham Verghese;4
11 de junio;5;Colleen Hoover;32
11 de junio;6;Rebecca Yarros;4
11 de junio;7;Bonnie Garmus;29
11 de junio;8;Don Bentley;1
11 de junio;9;Carley Fortune;4
11 de junio;10;Barbara Kingsolver;17
11 de junio;11;Colleen Hoover;77
11 de junio;12;Taylor Jenkins Reid;98
11 de junio;13;Laura Dave;46
11 de junio;14;Freida McFadden;1
11 de junio;15;Hannah Grace;2
11 de junio;1;David Grann;78
11 de junio;2;David Grann;6
11 de junio;3;Peter Attia with Bill Gifford;9
11 de junio;4;Bessel van der Kolk;144
11 de junio;5;David Von Drehle;1
11 de junio;6;Jennette McCurdy;42
11 de junio;7;Prince Harry;20
11 de junio;8;Michelle Zauner;62
11 de junio;9;Andy Cohen;3
11 de junio;10;Elise Loehnen;1
11 de junio;11;Jonathan Freedland;2
11 de junio;12;Michelle Obama;27
11 de junio;13;Jamie Loftus;1
11 de junio;14;Robin Wall Kimmerer;79
11 de junio;15;Bell Hooks;48
18 de junio;1;Emily Henry;6
18 de junio;2;Colleen Hoover;103
18 de junio;3;Colleen Hoover;33
18 de junio;4;Abraham Verghese;5
18 de junio;5;Nora Roberts;2
18 de junio;6;Bonnie Garmus;30
18 de junio;7;Colleen Hoover;78
18 de junio;8;Carley Fortune;5
18 de junio;9;Rebecca Yarros;5
18 de junio;10;Hannah Grace;3
18 de junio;11;Barbara Kingsolver;18
18 de junio;12;Taylor Jenkins Reid;99
18 de junio;13;T.J. Newman;1
18 de junio;14;Laura Dave;47
18 de junio;15;Jo Nesbo;1
18 de junio;1;David Grann;7
18 de junio;2;David Grann;79
18 de junio;3;Peter Attia with Bill Gifford;10
18 de junio;4;Bessel van der Kolk;145
18 de junio;5;Jennette McCurdy;43
18 de junio;6;Michelle Zauner;63
18 de junio;7;Prince Harry;21
18 de junio;8;David Von Drehle;2
18 de junio;9;Robin Wall Kimmerer;80
18 de junio;10;Samantha Irby;2
18 de junio;11;Andy Cohen;4
18 de junio;12;Jonathan Eig;2
18 de junio;13;Michelle Obama;28
18 de junio;14;Monica Potts;1
18 de junio;15;David Sedaris;10
25 de junio;1;James Patterson and Brendan DuBois;1
25 de junio;2;Emily Henry;7
25 de junio;3;Colleen Hoover;104
25 de junio;4;Colleen Hoover;34
25 de junio;5;Rebecca Yarros;6
25 de junio;6;Bonnie Garmus;31
25 de junio;7;Abraham Verghese;6
25 de junio;8;Tessa Bailey;1
25 de junio;9;Stuart Woods and Brett Battles;1
25 de junio;10;Mike Maden;1
25 de junio;11;Colleen Hoover;79
25 de junio;12;Hannah Grace;4
25 de junio;13;Nora Roberts;3
25 de junio;14;Lisa See;1
25 de junio;15;Taylor Jenkins Reid;100
25 de junio;1;Elliot Page;1
25 de junio;2;David Grann;8
25 de junio;3;Peter Attia with Bill Gifford;11
25 de junio;4;David Grann;80
25 de junio;5;Bessel van der Kolk;146
25 de junio;6;Jennette McCurdy;44
25 de junio;7;David Von Drehle;3
25 de junio;8;Michelle Zauner;64
25 de junio;9;Jason Chaffetz;1
25 de junio;10;Prince Harry;22
25 de junio;11;Robin Wall Kimmerer;81
25 de junio;12;Maureen Ryan;1
25 de junio;13;Andy Cohen;5
25 de junio;14;Javier Zamora;5
25 de junio;15;David Sedaris;11
2 de julio;1; Elin Hilderbrand;1
2 de julio;2;Ali Hazelwood;1
2 de julio;3;Bonnie Garmus;32
2 de julio;4;Emily Henry;8
2 de julio;5;Colleen Hoover;105
2 de julio;6;Rebecca Yarros;7
2 de julio;7;Hannah Grace;5
2 de julio;8;Colleen Hoover;35
2 de julio;9;Colleen Hoover;80
2 de julio;10;Taylor Jenkins Reid;101
2 de julio;11;James Patterson and Brendan DuBois;2
2 de julio;12;Abraham Verghese;7
2 de julio;13;Ana Huang;1
2 de julio;14;Barbara Kingsolver;19
2 de julio;15;Carley Fortune;6
2 de julio;1;David Grann;9
2 de julio;2;Peter Attia with Bill Gifford;12
2 de julio;3;Hadley Vlahos;1
2 de julio;4;Elliot Page;2
2 de julio;5;David Grann;81
2 de julio;6;Paul McCartney;1
2 de julio;7;Bessel van der Kolk;147
2 de julio;8;Jennette McCurdy;45
2 de julio;9;Malcolm Gladwell;1
2 de julio;10;Michelle Zauner;65
2 de julio;11;David Von Drehle;4
2 de julio;12;Hannah Pick-Goslar with Dina Kraft;1
2 de julio;13;Jason Chaffetz;2
2 de julio;14;Prince Harry;23
2 de julio;15;Javier Zamora;6
9 de julio;1;Elin Hilderbrand;2
9 de julio;2;Emily Henry;9
9 de julio;3;Rebecca Yarros;8
9 de julio;4;Colleen Hoover;106
9 de julio;5;Bonnie Garmus;33
9 de julio;6;Ruth Ware;1
9 de julio;7;Ali Hazelwood;2
9 de julio;8;Colleen Hoover;36
9 de julio;9;Hannah Grace;6
9 de julio;10;Abraham Verghese;8
9 de julio;11;Colleen Hoover;81
9 de julio;12;Riley Sager;1
9 de julio;13;Taylor Jenkins Reid;102
9 de julio;14;Barbara Kingsolver;20
9 de julio;15;Freida McFadden;2
9 de julio;1;Peter Attia with Bill Gifford;13
9 de julio;2;David Grann;10
9 de julio;3;David Grann;82
9 de julio;4;Bessel van der Kolk;148
9 de julio;5;Jennette McCurdy;46
9 de julio;6;Paul McCartney;2
9 de julio;7;Hadley Vlahos;2
9 de julio;8;Chris Paul with Michael Wilbon;1
9 de julio;9;Elliot Page;3
9 de julio;10;Michelle Zauner;66
9 de julio;11;Prince Harry;24
9 de julio;12;Robin Wall Kimmerer;82
9 de julio;13;Robert F. Kennedy Jr.;9
9 de julio;14;Bell Hooks;49
9 de julio;15;David Von Drehle;5
16 de julio;1;Colleen Hoover;1
16 de julio;2;Rebecca Yarros;9
16 de julio;3;Elin Hilderbrand;3
16 de julio;4;Colleen Hoover;107
16 de julio;5;Emily Henry;10
16 de julio;6;Bonnie Garmus;34
16 de julio;7;Colleen Hoover;37
16 de julio;8;Colleen Hoover;82
16 de julio;9;Hannah Grace;7
16 de julio;10;Ali Hazelwood;3
16 de julio;11;Abraham Verghese;9
16 de julio;12;Danielle Steel;1
16 de julio;13;Taylor Jenkins Reid;103
16 de julio;14;Freida McFadden;3
16 de julio;15;Barbara Kingsolver;21
16 de julio;1;Peter Attia with Bill Gifford;14
16 de julio;2;David Grann;11
16 de julio;3;David Grann;83
16 de julio;4;Bessel van der Kolk;149
16 de julio;5;Jennette McCurdy;47
16 de julio;6;ohnny Joey Jones;1
16 de julio;7;Michael Finkel;1
16 de julio;8;Michelle Zauner;67
16 de julio;9;Hadley Vlahos;3
16 de julio;10;Paul McCartney;3
16 de julio;11; Chris van Tulleken;1
16 de julio;12;Wesley Lowery;1
16 de julio;13;Bell Hooks;50
16 de julio;14;Elliot Page;4
16 de julio;15;Robin Wall Kimmerer;83
23 de julio;1;Colleen Hoover;2
23 de julio;2;Rebecca Yarros;10
23 de julio;3;Colleen Hoover;108
23 de julio;4;Elin Hilderbrand;4
23 de julio;5;Emily Henry;11
23 de julio;6;Bonnie Garmus;35
23 de julio;7;Colleen Hoover;38
23 de julio;8;Hannah Grace;8
23 de julio;9;Colleen Hoover;83
23 de julio;10;Freida McFadden;4
23 de julio;11;Taylor Jenkins Reid;104
23 de julio;12;Abraham Verghese;10
23 de julio;13;Ali Hazelwood;4
23 de julio;14;Barbara Kingsolver;22
23 de julio;15;Colleen Hoover;66
23 de julio;1;David Grann;84
23 de julio;2;David Grann;12
23 de julio;3;Peter Attia with Bill Gifford;15
23 de julio;4;Bessel van der Kolk;150
23 de julio;5;Johnny Joey Jones;2
23 de julio;6;Jennette McCurdy;48
23 de julio;7;Michael Finkel;2
23 de julio;8;Hadley Vlahos;4
23 de julio;9;Michelle Zauner;68
23 de julio;10;Paul McCartney;4
23 de julio;11;Kai Bird and Martin J. Sherwin;1
23 de julio;12;Bell Hooks;51
23 de julio;13;Elliot Page;5
23 de julio;14;Robin Wall Kimmerer;84
23 de julio;15;David Sedaris;12
30 de julio;1;Rebecca Yarros;11
30 de julio;2;Colleen Hoover;3
30 de julio;3; James Patterson and James O. Born;1
30 de julio;4;Colleen Hoover;109
30 de julio;5;Colleen Hoover;39
30 de julio;6;Bonnie Garmus;36
30 de julio;7;Emily Henry;12
30 de julio;8;Colleen Hoover;84
30 de julio;9;Elin Hilderbrand;5
30 de julio;10;Abraham Verghese;5
30 de julio;11;Freida McFadden;5
30 de julio;12;Hannah Grace;9
30 de julio;13;Taylor Jenkins Reid;105
30 de julio;14;Colleen Hoover;67
30 de julio;15;Ana Huang;2
30 de julio;1;BTS and Myeongseok Kang;1
30 de julio;2;Kai Bird and Martin J. Sherwin;2
30 de julio;3;David Grann;85
30 de julio;4;Peter Attia with Bill Gifford;16
30 de julio;5;David Grann;13
30 de julio;6;Bessel van der Kolk;151
30 de julio;7;Jennette McCurdy;49
30 de julio;8;Johnny Joey Jones;3
30 de julio;9;Jeff Goodell;1
30 de julio;10;Bell Hooks;52
30 de julio;11;Michael Finkel;3
30 de julio;12;Robin Wall Kimmerer;85
30 de julio;13;Michelle Zauner;69
30 de julio;14;Hadley Vlahos;5
30 de julio;15;Elliot Page;6
6 de agosto;1;Daniel Silva;1
6 de agosto;2;Rebecca Yarros;12
6 de agosto;3;Colleen Hoover;4
6 de agosto;4;Colleen Hoover;110
6 de agosto;5;Bonnie Garmus;37
6 de agosto;6;Jennifer L. Armentrout;1
6 de agosto;7;Abraham Verghese;12
6 de agosto;8;Colleen Hoover;40
6 de agosto;9;Hannah Grace;10
6 de agosto;10;Freida McFadden;6
6 de agosto;11;Colleen Hoover;85
6 de agosto;12;Emily Henry;13
6 de agosto;13;Taylor Jenkins Reid;106
6 de agosto;14;Elin Hilderbrand;6
6 de agosto;15;Colson Whitehead;1
6 de agosto;1;Kai Bird and Martin J. Sherwin;3
6 de agosto;2;David Grann;86
6 de agosto;3;J. Randy Taraborrelli;1
6 de agosto;4;Peter Attia with Bill Gifford;17
6 de agosto;5;David Grann;14
6 de agosto;6;BTS and Myeongseok Kang;2
6 de agosto;7;Bessel van der Kolk;152
6 de agosto;8;Neil Howe;1
6 de agosto;9;Miles Taylor;1
6 de agosto;10;Jennette McCurdy;50
6 de agosto;11;Ben McKenzie with Jacob Silverman;1
6 de agosto;12;Christopher F. Rufo;1
6 de agosto;13; Carol Roth;1
6 de agosto;14;Jeff Goodell;2
6 de agosto;15;Hadley Vlahos;6
13 de agosto;1;Rebecca Yarros;13
13 de agosto;2;Brad Thor;1
13 de agosto;3;Pierce Brown;1
13 de agosto;4;Colleen Hoover;5
13 de agosto;5;Colleen Hoover;111
13 de agosto;6;Bonnie Garmus;38
13 de agosto;7;Abraham Verghese;13
13 de agosto;8;Daniel Silva;2
13 de agosto;9;Colleen Hoover;41
13 de agosto;10;Colleen Hoover;86
13 de agosto;11;Hannah Grace;11
13 de agosto;12;Freida McFadden;7
13 de agosto;13;Emily Henry;14
13 de agosto;14;Barbara Kingsolver;23
13 de agosto;15;Taylor Jenkins Reid;107
13 de agosto;1;Kai Bird and Martin J. Sherwin;4
13 de agosto;2;David Grann;15
13 de agosto;3;David Grann;87
13 de agosto;4;Peter Attia with Bill Gifford;18
13 de agosto;5;Bessel van der Kolk;153
13 de agosto;6;Jennette McCurdy;51
13 de agosto;7;BTS and Myeongseok Kang;3
13 de agosto;8;Greg Gutfeld;1
13 de agosto;9;Miles Taylor;2
13 de agosto;10;J. Randy Taraborrelli;2
13 de agosto;11;Hadley Vlahos;7
13 de agosto;12;Alan Paul;1
13 de agosto;13;Michael Finkel;4
13 de agosto;14;Robin Wall Kimmerer;86
13 de agosto;15;Bell Hooks;54
20 de agosto;1;Ann Patchett;1
20 de agosto;2;Rebecca Yarros;14
20 de agosto;3;Sandra Brown;1
20 de agosto;4;Colleen Hoover;6
20 de agosto;5;Colleen Hoover;112
20 de agosto;6;Bonnie Garmus;39
20 de agosto;7;Abraham Verghese;14
20 de agosto;8;Freida McFadden;8
20 de agosto;9;Colleen Hoover;42
20 de agosto;10;Colleen Hoover;87
20 de agosto;11;Hannah Grace;12
20 de agosto;12;Barbara Kingsolver;24
20 de agosto;13;Brad Thor;2
20 de agosto;14;Daniel Silva;3
20 de agosto;15;Emily Henry;15
20 de agosto;1;Kai Bird and Martin J. Sherwin;5
20 de agosto;2;David Grann;88
20 de agosto;3;Peter Attia with Bill Gifford;19
20 de agosto;4;David Grann;16
20 de agosto;5;Bessel van der Kolk;154
20 de agosto;6;Jennette McCurdy;52
20 de agosto;7;Dolly Alderton;1
20 de agosto;8;BTS and Myeongseok Kang;4
20 de agosto;9;Robin Wall Kimmerer;87
20 de agosto;10;Susan Casey;1
20 de agosto;11;Bell Hooks;54
20 de agosto;12;Hadley Vlahos;8
20 de agosto;13;Jennifer Ackerman;1
20 de agosto;14;Michelle Zauner;70
20 de agosto;15;Trevor Noah;89
27 de agosto;1;Rebecca Yarros;15
27 de agosto;2;Ann Patchett;2
27 de agosto;3;Danielle Steel;1
27 de agosto;4;Lisa Jewell;1
27 de agosto;5; James McBride;1
27 de agosto;6;Colleen Hoover;7
27 de agosto;7;Bonnie Garmus;40
27 de agosto;8;Colleen Hoover;113
27 de agosto;9;Freida McFadden;9
27 de agosto;10;Abraham Verghese;15
27 de agosto;11;Colleen Hoover;43
27 de agosto;12;Katee Robert;1
27 de agosto;13;Colleen Hoover;88
27 de agosto;14;Hannah Grace;13
27 de agosto;15;Barbara Kingsolver;25
27 de agosto;1;Kai Bird and Martin J. Sherwin;6
27 de agosto;2;David Grann;89
27 de agosto;3;Peter Attia with Bill Gifford;20
27 de agosto;4;David Grann;17
27 de agosto;5;Bessel van der Kolk;155
27 de agosto;6;Jennette McCurdy;53
27 de agosto;7;Dolly Alderton;2
27 de agosto;8;Robin Wall Kimmerer;88
27 de agosto;9;Hadley Vlahos;9
27 de agosto;10;BTS and Myeongseok Kang;5
27 de agosto;11;Trevor Noah;90
27 de agosto;12;Bell Hooks;55
27 de agosto;13;Ben Macintyre;2
27 de agosto;14;Michelle Zauner;71
27 de agosto;15;Jeannette Walls;62
3 de septiembre;1;Ann Patchett;3
3 de septiembre;2;Rebecca Yarros;16
3 de septiembre;3;Casey McQuiston;1
3 de septiembre;4;Colleen Hoover;8
3 de septiembre;5;James Patterson and Duane Swierczynski;1
3 de septiembre;6;Freida McFadden;10
3 de septiembre;7;Bonnie Garmus;41
3 de septiembre;8;Colleen Hoover;114
3 de septiembre;9;Hannah Grace;14
3 de septiembre;10;James Rollins;1
3 de septiembre;11;Colleen Hoover;44
3 de septiembre;12;Abraham Verghese;16
3 de septiembre;13;Colleen Hoover;89
3 de septiembre;14;Barbara Kingsolver;26
3 de septiembre;15;Lisa Jewell;2
3 de septiembre;1;Kai Bird and Martin J. Sherwin;7
3 de septiembre;2;David Grann;90
3 de septiembre;3;Peter Attia with Bill Gifford;21
3 de septiembre;4;Bessel van der Kolk;156
3 de septiembre;5;David Grann;18
3 de septiembre;6;Jennette McCurdy;54
3 de septiembre;7;Tara Westover;149
3 de septiembre;8;Michelle Zauner;72
3 de septiembre;9;Trevor Noah;91
3 de septiembre;10;Robin Wall Kimmerer;89
3 de septiembre;11;Michio Kaku;11
3 de septiembre;12;Adam Grant;21
3 de septiembre;13;Dolly Alderton;3
3 de septiembre;14;Bell Hooks;56
3 de septiembre;15;BTS and Myeongseok Kang;6
10 de septiembre;1;Rebecca Yarros;17
10 de septiembre;2;Douglas Preston and Lincoln Child;1
10 de septiembre;3;Ann Patchett;4
10 de septiembre;4;Karin Slaughter;1
10 de septiembre;5;Freida McFadden;11
10 de septiembre;6;Colleen Hoover;9
10 de septiembre;7;Christine Feehan;1
10 de septiembre;8;Bonnie Garmus;42
10 de septiembre;9;Colleen Hoover;115
10 de septiembre;10; Casey McQuiston;2
10 de septiembre;11;Abraham Verghese;17
10 de septiembre;12;Hanya Yanagihara;1
10 de septiembre;13;Alex Michaelides;60
10 de septiembre;14;Colleen Hoover;45
10 de septiembre;15;Colleen Hoover;90
10 de septiembre;1;David Grann;91
10 de septiembre;2;Billy Walters with Armen Keteyian;1
10 de septiembre;3;Peter Attia with Bill Gifford;22
10 de septiembre;4;Bessel van der Kolk;157
10 de septiembre;5;Kai Bird and Martin J. Sherwin;8
10 de septiembre;6;David Grann;19
10 de septiembre;7;Drew Gilpin Faust;1
10 de septiembre;8;Jennette McCurdy;55
10 de septiembre;9;Michelle Zauner;73
10 de septiembre;10;Robin Wall Kimmerer;90
10 de septiembre;11;Trevor Noah;92
10 de septiembre;12;Jennifer Breheny Wallace;1
10 de septiembre;13;Bell Hooks;57
10 de septiembre;14;David Von Drehle;6
10 de septiembre;15;Dolly Alderton;4
17 de septiembre;1;Rebecca Yarros;18
17 de septiembre;2;Hannah Nicole Maehrer;1
17 de septiembre;3;Ann Patchett;5
17 de septiembre;4;Freida McFadden;1
17 de septiembre;5;Jennifer Weiner;1
17 de septiembre;6;Freida McFadden;12
17 de septiembre;7;Colleen Hoover;10
17 de septiembre;8;Karin Smirnoff;1
17 de septiembre;9;Colleen Hoover;116
17 de septiembre;10;Bonnie Garmus;43
17 de septiembre;11;Abraham Verghese;18
17 de septiembre;12;Barbara Kingsolver;27
17 de septiembre;13;James McBride;2
17 de septiembre;14;Colleen Hoover;91
17 de septiembre;15;Colleen Hoover;46
17 de septiembre;1;David Grann;92
17 de septiembre;2;Bessel van der Kolk;158
17 de septiembre;3;Peter Attia with Bill Gifford;23
17 de septiembre;4;Kai Bird and Martin J. Sherwin;9
17 de septiembre;5;David Grann;20
17 de septiembre;6;Jennette McCurdy;56
17 de septiembre;7;Billy Walters with Armen Keteyian;2
17 de septiembre;8;Robin Wall Kimmerer;91
17 de septiembre;9;Ed Yong;14
17 de septiembre;10;Michelle Zauner;74
17 de septiembre;11;Robert F. Kennedy and Brian Hooker;1
17 de septiembre;12;Trevor Noah;93
17 de septiembre;13;Dolly Alderton;5
17 de septiembre;14;Bell Hooks;58
17 de septiembre;15;Tara Westover;150
24 de septiembre;1;Stephen King;1
24 de septiembre;2;Lucy Score;1
24 de septiembre;3;J.D. Robb;1
24 de septiembre;4;Rebecca Yarros;19
24 de septiembre;5; William Kent Krueger;1
24 de septiembre;6;Ann Patchett;6
24 de septiembre;7;Craig Johnson;1
24 de septiembre;8;Don Bentley;1
24 de septiembre;9;Freida McFadden;13
24 de septiembre;10;Hannah Nicole Maehrer;2
24 de septiembre;11;Bonnie Garmus;44
24 de septiembre;12;Colleen Hoover;11
24 de septiembre;13;Ann Cleeves;1
24 de septiembre;14;Abraham Verghese;19
24 de septiembre;15;Graham Brown;1
24 de septiembre;1;David Grann;93
24 de septiembre;2;Peter Attia with Bill Gifford;24
24 de septiembre;3;Bessel van der Kolk;159
24 de septiembre;4;Mustafa Suleyman with Michael Bhaskar;1
24 de septiembre;5;Joe Posnanski;1
24 de septiembre;6;Franklin Foer;1
24 de septiembre;7;David Grann;21
24 de septiembre;8;Kai Bird and Martin J. Sherwin;10
24 de septiembre;9;Drew Gilpin Faust;2
24 de septiembre;10;Jennette McCurdy;57
24 de septiembre;11;Maria Bamford;1
24 de septiembre;12;Robin Wall Kimmerer;92
24 de septiembre;13;Ed Yong;15
24 de septiembre;14;Robert P. Jones;1
24 de septiembre;15;Michelle Zauner;75
1 de octubre;1;Kyle Mills;1
1 de octubre;2;Stephen King;2
1 de octubre;3;Rebecca Yarros;20
1 de octubre;4;James Patterson;1
1 de octubre;5;Lucy Score;2
1 de octubre;6;Jennifer L. Armentrout;1
1 de octubre;7;Ann Patchett;7
1 de octubre;8;Bonnie Garmus;45
1 de octubre;9;Freida McFadden;14
1 de octubre;10;Colleen Hoover;12
1 de octubre;11;Abraham Verghese;20
1 de octubre;12;J.D. Robb;2
1 de octubre;13;Hannah Nicole Maehrer;3
1 de octubre;14;Barbara Kingsolver;28
1 de octubre;15; Lauren Groff;1
1 de octubre;1;Walter Isaacson;1
1 de octubre;2;Jill Duggar with Derick Dillard and Craig Borlase;1
1 de octubre;3;David Grann;94
1 de octubre;4;Peter Attia with Bill Gifford;25
1 de octubre;5;Bessel van der Kolk;160
1 de octubre;6;David Grann;22
1 de octubre;7;Bernie Taupin;1
1 de octubre;8;Neil deGrasse Tyson and Lindsey Nyx Walker;1
1 de octubre;9; Naomi Klein;1
1 de octubre;10;Steven Levitsky and Daniel Ziblatt;1
1 de octubre;11;Kai Bird and Martin J. Sherwin;11
1 de octubre;12;Bettina L. Love;1
1 de octubre;13;Jennette McCurdy;58
1 de octubre;14;Mustafa Suleyman with Michael Bhaskar;2
1 de octubre;15;Robin Wall Kimmerer;93
8 de octubre;1;Richard Osman;1
8 de octubre;2;Rebecca Yarros;21
8 de octubre;3;Stephen King;3
8 de octubre;4;Ann Patchett;8
8 de octubre;5;Lucy Score;3
8 de octubre;6;Bonnie Garmus;46
8 de octubre;7;Kyle Mills;2
8 de octubre;8;Freida McFadden;15
8 de octubre;9;James Patterson;2
8 de octubre;10;Abraham Verghese;21
8 de octubre;11;Cara Hunter;1
8 de octubre;12;John Scalzi;1
8 de octubre;13;Colleen Hoover;13
8 de octubre;14;Breanne Randall;1
8 de octubre;15;J.A. Jance;1
8 de octubre;1;Mark R. Levin;1
8 de octubre;2;Walter Isaacson;2
8 de octubre;3; Anderson Cooper and Katherine Howe;1
8 de octubre;4;David Grann;95
8 de octubre;5;Jill Duggar with Derick Dillard and Craig Borlase;2
8 de octubre;6;Peter Attia with Bill Gifford;26
8 de octubre;7;Thomas Sowell;1
8 de octubre;8;Michael Harriot;1
8 de octubre;9;Bessel van der Kolk;161
8 de octubre;10;David Grann;23
8 de octubre;11;Douglas Brunt;1
8 de octubre;12;Kai Bird and Martin J. Sherwin;12
8 de octubre;13;Naomi Klein;2
8 de octubre;14;Joe Posnanski;2
8 de octubre;15;Robin Wall Kimmerer;94
15 de octubre;1;Robert Galbraith;1
15 de octubre;2;Ken Follett;1
15 de octubre;3;Rebecca Yarros;22
15 de octubre;4;James Patterson and Mike Lupica;1
15 de octubre;5; Sarah J. Maas;4
15 de octubre;6;Stephen King;4
15 de octubre;7;Sarah J. Maas;4
15 de octubre;8;Ann Patchett;9
15 de octubre;9;Bonnie Garmus;47
15 de octubre;10;Lucy Score;4
15 de octubre;11;Freida McFadden;16
15 de octubre;12;V.E. Schwab;1
15 de octubre;13;Hannah Grace;15
15 de octubre;14;Mary Kay Andrews;1
15 de octubre;15;Abraham Verghese;22
15 de octubre;1;Cassidy Hutchinson;1
15 de octubre;2;Bill O'Reilly and Martin Dugard;1
15 de octubre;3;Mark R. Levin;2
15 de octubre;4;Heather Cox Richardson;1
15 de octubre;5;Walter Isaacson;3
15 de octubre;6;David Grann;96
15 de octubre;7;erry Washington;1
15 de octubre;8;Anderson Cooper and Katherine Howe;2
15 de octubre;9;Jill Duggar with Derick Dillard and Craig Borlase;3
15 de octubre;10;Peter Attia with Bill Gifford;27
15 de octubre;11;Bessel van der Kolk;162
15 de octubre;12;David Grann;24
15 de octubre;13;Michael Harriot;2
15 de octubre;14;Kai Bird and Martin J. Sherwin;13
15 de octubre;15;Douglas Brunt;2
22 de octubre;1;ohn Sandford;1
22 de octubre;2;Hannah Grace;1
22 de octubre;3;Rebecca Yarros;23
22 de octubre;4;Danielle Steel;1
22 de octubre;5;Stephen King;5
22 de octubre;6;Christine Feehan;1
22 de octubre;7;Bonnie Garmus;48
22 de octubre;8;Hernan Diaz;1
22 de octubre;9;James Patterson and Mike Lupica;2
22 de octubre;10;Hannah Grace;16
22 de octubre;11;Ken Follett;2
22 de octubre;12;Ann Patchett;10
22 de octubre;13;Freida McFadden;17
22 de octubre;14; Alix E. Harrow;1
22 de octubre;15;Kerri Maniscalco;1
22 de octubre;1; Michael Lewis;1
22 de octubre;2;Mark R. Levin;3
22 de octubre;3;David Grann;97
22 de octubre;4;Bill O'Reilly and Martin Dugard;2
22 de octubre;5;Walter Isaacson;4
22 de octubre;6;Cassidy Hutchinson;2
22 de octubre;7;Patrick Stewart;1
22 de octubre;8;Anderson Cooper and Katherine Howe;3
22 de octubre;9;Heather Cox Richardson;2
22 de octubre;10;Peter Attia with Bill Gifford;28
22 de octubre;11;Bessel van der Kolk;163
22 de octubre;12;Kerry Washington;2
22 de octubre;13;David Grann;25
22 de octubre;14;Steve Inskeep;1
22 de octubre;15;Cat Bohannon;1
29 de octubre;1;Rebecca Yarros;24
29 de octubre;2;Nelson DeMille and Alex DeMille;1
29 de octubre;3;Hannah Grace;2
29 de octubre;4;Bonnie Garmus;49
29 de octubre;5;John Sandford;2
29 de octubre;6;Stephen King;6
29 de octubre;7;Hannah Grace;17
29 de octubre;8;Ann Patchett;11
29 de octubre;9;Cassandra Clare;1
29 de octubre;10;Freida McFadden;18
29 de octubre;11;Taylor Jenkins Reid;108
29 de octubre;12;Ken Follett;3
29 de octubre;13;Ana Huang;3
29 de octubre;14;Lucy Score;5
29 de octubre;15;Lucy Score;4
29 de octubre;1;David Grann;98
29 de octubre;2;Cassidy Hutchinson;3
29 de octubre;3;Walter Isaacson;5
29 de octubre;4;Bill O'Reilly and Martin Dugard;3
29 de octubre;5;Michael Lewis;2
29 de octubre;6;Bret Baier with Catherine Whitney;1
29 de octubre;7;Mark R. Levin;4
29 de octubre;8;Rich Paul with Jesse Washington;1
29 de octubre;9;Peter Attia with Bill Gifford;29
29 de octubre;10;Heather Cox Richardson;3
29 de octubre;11;Bessel van der Kolk;164
29 de octubre;12;Anderson Cooper and Katherine Howe;4
29 de octubre;13;Patrick Stewart;2
29 de octubre;14;David Grann;26
29 de octubre;15;Joanna Robinson, Dave Gonzales and Gavin Edwards;1
5 de noviembre;1;John Grisham;1
5 de noviembre;2;Rebecca Yarros;25
5 de noviembre;3;Bonnie Garmus;50
5 de noviembre;4;Rachel Gillig;1
5 de noviembre;5;Hannah Grace;3
5 de noviembre;6;Hanya Yanagihara;2
5 de noviembre;7;Ann Patchett;12
5 de noviembre;8;John Sandford;3
5 de noviembre;9;Hannah Grace;18
5 de noviembre;10;Freida McFadden;19
5 de noviembre;11;Stephen King;7
5 de noviembre;12;Taylor Jenkins Reid;109
5 de noviembre;13;Ken Follett;4
5 de noviembre;14;Colleen Hoover;117
5 de noviembre;15;Lucy Score;6
5 de noviembre;1;David Grann;99
5 de noviembre;2;Rachel Maddow;1
5 de noviembre;3;Cassidy Hutchinson;4
5 de noviembre;4;Jada Pinkett Smith;1
5 de noviembre;5;Dolly Parton with Holly George-Warren;1
5 de noviembre;6;Walter Isaacson;6
5 de noviembre;7;Heather Cox Richardson;4
5 de noviembre;8;Bill O'Reilly and Martin Dugard;4
5 de noviembre;9;Michael Lewis;3
5 de noviembre;10;Bessel van der Kolk;165
5 de noviembre;11;Mark R. Levin;5
5 de noviembre;12;Peter Attia with Bill Gifford;30
5 de noviembre;13;Bret Baier with Catherine Whitney;2
5 de noviembre;14;Robert M. Sapolsky;1
5 de noviembre;15;David Grann;27
12 de noviembre;1; Lee Child and Andrew Child;1
12 de noviembre;2;John Grisham;2
12 de noviembre;3; Ana Huang;1
12 de noviembre;4;Rebecca Yarros;26
12 de noviembre;5;Bonnie Garmus;51
12 de noviembre;6;Jesmyn Ward;1
12 de noviembre;7;Ann Patchett;13
12 de noviembre;8;Taylor Jenkins Reid;110
12 de noviembre;9;Anthony Doerr;83
12 de noviembre;10;Hannah Grace;4
12 de noviembre;11;Hannah Grace;19
12 de noviembre;12;Freida McFadden;19
12 de noviembre;13;Stephen King;8
12 de noviembre;14;Hanya Yanagihara;3
12 de noviembre;15;John Sandford;4
12 de noviembre;1; Britney Spears;1
12 de noviembre;2;David Grann;100
12 de noviembre;3;McKay Coppins;1
12 de noviembre;4;Rachel Maddow;2
12 de noviembre;5;John Stamos with Daphne Young;1
12 de noviembre;6;Walter Isaacson;7
12 de noviembre;7;Bill O'Reilly and Martin Dugard;5
12 de noviembre;8;Mary Beard;1
12 de noviembre;9;Bessel van der Kolk;166
12 de noviembre;10;Cassidy Hutchinson;5
12 de noviembre;11;Hadley Vlahos;10
12 de noviembre;12;Michael Lewis;4
12 de noviembre;13;Peter Attia with Bill Gifford;31
12 de noviembre;14;Jada Pinkett Smith;2
12 de noviembre;15;Harry Dunn;1
19 de noviembre;1;Janet Evanovich;1
19 de noviembre;2;John Grisham;3
19 de noviembre;3;Rebecca Yarros;27
19 de noviembre;4;Jennifer L. Armentrout;1
19 de noviembre;5;Lee Child and Andrew Child;2
19 de noviembre;6;Elle Kennedy;1
19 de noviembre;7;Bonnie Garmus;52
19 de noviembre;8;Anthony Doerr;84
19 de noviembre;9;Hannah Grace;5
19 de noviembre;10;Taylor Jenkins Reid;111
19 de noviembre;11;Hannah Grace;20
19 de noviembre;12;Freida McFadden;21
19 de noviembre;13;Ann Patchett;14
19 de noviembre;14;Stephen King;9
19 de noviembre;15;Ana Huang;2
19 de noviembre;1;Britney Spears;2
19 de noviembre;2;Matthew Perry;17
19 de noviembre;3;David Grann;101
19 de noviembre;4;Henry Winkler with James Kaplan;1
19 de noviembre;5;Peter Attia with Bill Gifford;32
19 de noviembre;6;Rachel Maddow;3
19 de noviembre;7;Walter Isaacson;8
19 de noviembre;8;Adam Kinzinger with Michael DAntonio;1
19 de noviembre;9;Bessel van der Kolk;167
19 de noviembre;10;McKay Coppins;2
19 de noviembre;11;Michael Lewis;5
19 de noviembre;12;Bill O'Reilly and Martin Dugard;6
19 de noviembre;13;Rashid Khalidi;1
19 de noviembre;14;David Grann;28
19 de noviembre;15;Heather Cox Richardson;5
26 de noviembre;1;Rebecca Yarros;1
26 de noviembre;2;Rebecca Yarros;28
26 de noviembre;3;Michael Connelly;1
26 de noviembre;4;John Grisham;4
26 de noviembre;5;Travis Baldree;1
26 de noviembre;6;Lee Child and Andrew Child;3
26 de noviembre;7;Janet Evanovich;2
26 de noviembre;8;Bonnie Garmus;53
26 de noviembre;9;Anthony Doerr;85
26 de noviembre;10;Dirk Cussler;1
26 de noviembre;11;Lauren Asher;1
26 de noviembre;12;Hannah Grace;21
26 de noviembre;13;Laurell K. Hamilton;1
26 de noviembre;14;Jim Butcher;1
26 de noviembre;15;Freida McFadden;22
26 de noviembre;1;Britney Spears;3
26 de noviembre;2;Barbra Streisand;1
26 de noviembre;3;David Grann;102
26 de noviembre;4;Rachel Maddow;4
26 de noviembre;5;Matthew Perry;18
26 de noviembre;6;Walter Isaacson;9
26 de noviembre;7;Bessel van der Kolk;168
26 de noviembre;8;Henry Winkler with James Kaplan;2
26 de noviembre;9;Peter Attia with Bill Gifford;33
26 de noviembre;10;Ted Cruz;1
26 de noviembre;11;Brian Kilmeade;1
26 de noviembre;12;Rob Copeland;1
26 de noviembre;13;Kelly Weinersmith and Zach Weinersmith;1
26 de noviembre;14;Jeff Tweedy;1
26 de noviembre;15;David Grann;29
3 de diciembre;1;Rebecca Yarros;2
3 de diciembre;2;Rebecca Yarros;29
3 de diciembre;3;David Baldacci;1
3 de diciembre;4;Martha Wells;1
3 de diciembre;5;Mitch Albom;1
3 de diciembre;6;John Grisham;5
3 de diciembre;7;Patrick Rothfuss;1
3 de diciembre;8;James McBride;3
3 de diciembre;9;Michael Connelly;2
3 de diciembre;10;Anthony Doerr;86
3 de diciembre;11;Bonnie Garmus;54
3 de diciembre;12;Lee Child and Andrew Child;4
3 de diciembre;13;Janet Evanovich;3
3 de diciembre;14;Hannah Grace;22
3 de diciembre;15;Freida McFadden;23
3 de diciembre;1;Matthew Perry;19
3 de diciembre;2;Britney Spears;4
3 de diciembre;3;Barbra Streisand;2
3 de diciembre;4;Geddy Lee with Daniel Richler;1
3 de diciembre;5;David Grann;103
3 de diciembre;6;Jonathan Karl;1
3 de diciembre;7;Mark Harmon and Leon Carroll Jr.;1
3 de diciembre;8;Rachel Maddow;5
3 de diciembre;9;David Grann;30
3 de diciembre;10;Walter Isaacson;10
3 de diciembre;11;Bessel van der Kolk;169
3 de diciembre;12;Brian Kilmeade;2
3 de diciembre;13;Henry Winkler with James Kaplan;3
3 de diciembre;14;Ted Cruz;2
3 de diciembre;15;Peter Attia with Bill Gifford;34
10 de diciembre;1;Rebecca Yarros;3
10 de diciembre;2;Rebecca Yarros;30
10 de diciembre;3;Nora Roberts;1
10 de diciembre;4;ames Patterson;1
10 de diciembre;5;John Grisham;6
10 de diciembre;6;Bonnie Garmus;55
10 de diciembre;7;James McBride;4
10 de diciembre;8;Hannah Grace;23
10 de diciembre;9;David Baldacci;2
10 de diciembre;10;Danielle Steel;1
10 de diciembre;11;Mitch Albom;2
10 de diciembre;12;Michael Connelly;2
10 de diciembre;13;Stephen King;10
10 de diciembre;14;Anthony Doerr;87
10 de diciembre;15;Ana Huang;4
10 de diciembre;1;Britney Spears;5
10 de diciembre;2;Matthew Perry;20
10 de diciembre;3;David Grann;104
10 de diciembre;4;Barbra Streisand;3
10 de diciembre;5;David Grann;31
10 de diciembre;6;Rachel Maddow;6
10 de diciembre;7;Walter Isaacson;11
10 de diciembre;8;Geddy Lee with Daniel Richler;2
10 de diciembre;9;Jennette McCurdy;59
10 de diciembre;10;Bessel van der Kolk;170
10 de diciembre;11;Mark Harmon and Leon Carroll Jr.;2
10 de diciembre;12;Peter Attia with Bill Gifford;35
10 de diciembre;13;Dolly Parton with Holly George-Warren;2
10 de diciembre;14;Bill O'Reilly and Martin Dugard;7
10 de diciembre;15;Brian Kilmeade;3
17 de diciembre;1;Rebecca Yarros;31
17 de diciembre;2;Rebecca Yarros;4
17 de diciembre;3;Patricia Cornwell;1
17 de diciembre;4;John Grisham;7
17 de diciembre;5;James McBride;5
17 de diciembre;6;Bonnie Garmus;56
17 de diciembre;7;Hannah Grace;24
17 de diciembre;8;James Patterson;2
17 de diciembre;9;David Baldacci;3
17 de diciembre;10;Mitch Albom;3
17 de diciembre;11;Nora Roberts;2
17 de diciembre;12;Michael Connelly;4
17 de diciembre;13;Anthony Doerr;88
17 de diciembre;14;Stephen King;11
17 de diciembre;15;Freida McFadden;24
17 de diciembre;1;Britney Spears;6
17 de diciembre;2;David Grann;105
17 de diciembre;3;Matthew Perry;21
17 de diciembre;4;Barbra Streisand;4
17 de diciembre;5;David Grann;32
17 de diciembre;6;Rachel Maddow;7
17 de diciembre;7;Omid Scobie;1
17 de diciembre;8;Walter Isaacson;12
17 de diciembre;9;Mark Harmon and Leon Carroll Jr.;3
17 de diciembre;10;Dolly Parton with Holly George-Warren;3
17 de diciembre;11;Peter Attia with Bill Gifford;36
17 de diciembre;12;Bessel van der Kolk;171
17 de diciembre;13;Geddy Lee with Daniel Richler;3
17 de diciembre;14;Heather Cox Richardson;6
17 de diciembre;15;Henry Winkler with James Kaplan;4
24 de diciembre;1;Rebecca Yarros;32
24 de diciembre;2;Rebecca Yarros;5
24 de diciembre;3;James McBride;6
24 de diciembre;4;John Grisham;8
24 de diciembre;5;Hannah Grace;25
24 de diciembre;6;Bonnie Garmus;57
24 de diciembre;7;David Baldacci;4
24 de diciembre;8;Mitch Albom;4
24 de diciembre;9;James Patterson;3
24 de diciembre;10;Stephen King;12
24 de diciembre;11;Michael Connelly;5
24 de diciembre;12;Anthony Doerr;89
24 de diciembre;13;Freida McFadden;25
24 de diciembre;14;Ann Patchett;15
24 de diciembre;15;Abraham Verghese;23
24 de diciembre;1;Liz Cheney;1
24 de diciembre;2;Britney Spears;7
24 de diciembre;3;David Grann;33
24 de diciembre;4;David Grann;106
24 de diciembre;5;Barbra Streisand;5
24 de diciembre;6;Tim Alberta;1
24 de diciembre;7;Matthew Perry;22
24 de diciembre;8;Walter Isaacson;13
24 de diciembre;9;Rachel Maddow;8
24 de diciembre;10;Geddy Lee with Daniel Richler;4
24 de diciembre;11;Peter Attia with Bill Gifford;37
24 de diciembre;12;Mark Harmon and Leon Carroll Jr.;4
24 de diciembre;13;Dolly Parton with Holly George-Warren;4
24 de diciembre;14;Heather Cox Richardson;7
24 de diciembre;15;Henry Winkler with James Kaplan;5
31 de diciembre;1;Rebecca Yarros;33
31 de diciembre;2;Rebecca Yarros;6
31 de diciembre;3;James McBride;7
31 de diciembre;4;John Grisham;9
31 de diciembre;5;Hannah Grace;28
31 de diciembre;6;Bonnie Garmus;58
31 de diciembre;7;Mitch Albom;5
31 de diciembre;8;Stephen King;13
31 de diciembre;9;David Baldacci;5
31 de diciembre;10;Anthony Doerr;90
31 de diciembre;11;Freida McFadden;26
31 de diciembre;12;Ann Patchett;16
31 de diciembre;13;James Patterson;4
31 de diciembre;14;Taylor Jenkins Reid;112
31 de diciembre;15;Abraham Verghese;24
31 de diciembre;1;Liz Cheney;2
31 de diciembre;2;David Grann;34
31 de diciembre;3;Britney Spears;8
31 de diciembre;4;David Grann;107
31 de diciembre;5;Matthew Perry;23
31 de diciembre;6;Barbra Streisand;6
31 de diciembre;7;Daniel James Brown;123
31 de diciembre;8;Walter Isaacson;14
31 de diciembre;9;Peter Attia with Bill Gifford;38
31 de diciembre;10;Bessel van der Kolk;172
31 de diciembre;11;Mark Harmon and Leon Carroll Jr.;5
31 de diciembre;12;Dolly Parton with Holly George-Warren;5
31 de diciembre;13;Rachel Maddow;9
31 de diciembre;14;Geddy Lee with Daniel Richler;5
31 de diciembre;15;Henry Winkler with James Kaplan;6
